{"schemaVersion":19,"addons":[{"id":"harexporttrigger@getfirebug.com","syncGUID":"myulpbjoSXcC","location":"app-profile","version":"0.5.0-beta.7","type":"extension","internalName":null,"updateURL":null,"updateKey":null,"optionsURL":"data:text/xml,<placeholder/>","optionsType":"2","aboutURL":null,"icons":{},"iconURL":"chrome://harexporttrigger/skin/icon-16.png","icon64URL":null,"defaultLocale":{"name":"HAR Export Trigger","description":"Trigger HAR export any time directly from within a page","creator":"Firebug Working Group","homepageURL":"https://github.com/firebug/har-export-trigger/wiki","contributors":["Jan Odvarko (Mozilla Corp.)"]},"visible":true,"active":true,"userDisabled":false,"appDisabled":false,"descriptor":"/home/hasal/Hasal/resource/AutoSaveHAR/extensions/harexporttrigger@getfirebug.com.xpi","installDate":1462863752000,"updateDate":1462863752000,"applyBackgroundUpdates":1,"bootstrap":true,"skinnable":false,"size":363844,"sourceURI":"https://addons.mozilla.org/firefox/downloads/file/370227/har_export_trigger-0.5.0-beta.7-fx.xpi?src=api","releaseNotesURI":null,"softDisabled":false,"foreignInstall":false,"hasBinaryComponents":false,"strictCompatibility":false,"locales":[],"targetApplications":[{"id":"{ec8030f7-c20a-464f-9b0e-13a3a9e97384}","minVersion":"42.0a1","maxVersion":"43.*"}],"targetPlatforms":[],"multiprocessCompatible":false,"signedState":2,"seen":true,"dependencies":[],"hasEmbeddedWebExtension":false,"mpcOptedOut":false},{"id":"@perf_mark_startend_google_docs","syncGUID":"NuaIqqYljiPS","location":"app-profile","version":"0.0.3","type":"extension","internalName":null,"updateURL":null,"updateKey":null,"optionsURL":"data:text/xml,<placeholder/>","optionsType":"2","aboutURL":null,"icons":{},"iconURL":null,"icon64URL":null,"defaultLocale":{"name":"Perf Mark of Add-On Start and End","description":"Using Performance Mark to monitor the Add-On Start and End.","creator":"Askeing","homepageURL":null},"visible":true,"active":true,"userDisabled":false,"appDisabled":false,"descriptor":"/home/hasal/Hasal/resource/AutoSaveHAR/extensions/@perf_mark_startend_google_docs.xpi","installDate":1462438292000,"updateDate":1463974106000,"applyBackgroundUpdates":1,"bootstrap":true,"skinnable":false,"size":11363,"sourceURI":"https://addons.mozilla.org/firefox/downloads/latest/697500/addon-697500-latest.xpi?src=dp-btn-primary","releaseNotesURI":null,"softDisabled":false,"foreignInstall":false,"hasBinaryComponents":false,"strictCompatibility":false,"locales":[],"targetApplications":[{"id":"{ec8030f7-c20a-464f-9b0e-13a3a9e97384}","minVersion":"38.0","maxVersion":"*"},{"id":"{aa3c5121-dab2-40e2-81ca-7ea25febc110}","minVersion":"38.0","maxVersion":"50.0"}],"targetPlatforms":[],"multiprocessCompatible":false,"signedState":2,"seen":true,"dependencies":[],"hasEmbeddedWebExtension":false,"mpcOptedOut":false},{"id":"@perf_mark_hotkeys","syncGUID":"4CPwtDqr7rTh","location":"app-profile","version":"0.0.4","type":"extension","internalName":null,"updateURL":null,"updateKey":null,"optionsURL":"data:text/xml,<placeholder/>","optionsType":"2","aboutURL":null,"icons":{},"iconURL":null,"icon64URL":null,"defaultLocale":{"name":"Sending Perf Mark by Hotkeys","description":"Using Hotkeys to send Performance Mark at Runtime.","creator":"Askeing","homepageURL":null},"visible":true,"active":true,"userDisabled":false,"appDisabled":false,"descriptor":"/home/hasal/Hasal/resource/AutoSaveHAR/extensions/@perf_mark_hotkeys.xpi","installDate":1462349801000,"updateDate":1463974114000,"applyBackgroundUpdates":1,"bootstrap":true,"skinnable":false,"size":14211,"sourceURI":"https://addons.mozilla.org/firefox/downloads/latest/700586/addon-700586-latest.xpi?src=dp-dl-othersby","releaseNotesURI":null,"softDisabled":false,"foreignInstall":false,"hasBinaryComponents":false,"strictCompatibility":false,"locales":[],"targetApplications":[{"id":"{ec8030f7-c20a-464f-9b0e-13a3a9e97384}","minVersion":"38.0","maxVersion":"*"},{"id":"{aa3c5121-dab2-40e2-81ca-7ea25febc110}","minVersion":"38.0","maxVersion":"50.0"}],"targetPlatforms":[],"multiprocessCompatible":false,"signedState":2,"seen":true,"dependencies":[],"hasEmbeddedWebExtension":false,"mpcOptedOut":false},{"id":"aushelper@mozilla.org","syncGUID":"{934d55b0-218e-4a11-a63f-38f5c6b28c5b}","location":"app-system-defaults","version":"1.0","type":"extension","internalName":null,"updateURL":null,"updateKey":null,"optionsURL":null,"optionsType":null,"aboutURL":null,"icons":{},"iconURL":null,"icon64URL":null,"defaultLocale":{"name":"Application Update Service Helper","description":"Sets value(s) in the update url based on custom checks.","creator":null,"homepageURL":null},"visible":true,"active":true,"userDisabled":false,"appDisabled":false,"descriptor":"/home/hasal/Hasal/firefox/firefox/browser/features/aushelper@mozilla.org.xpi","installDate":1479438899471,"updateDate":1484540012000,"applyBackgroundUpdates":1,"bootstrap":true,"skinnable":false,"size":5904,"sourceURI":null,"releaseNotesURI":null,"softDisabled":false,"foreignInstall":false,"hasBinaryComponents":false,"strictCompatibility":false,"locales":[],"targetApplications":[{"id":"{ec8030f7-c20a-464f-9b0e-13a3a9e97384}","minVersion":"53.0a1","maxVersion":"53.0a1"}],"targetPlatforms":[],"multiprocessCompatible":true,"seen":true,"dependencies":[],"hasEmbeddedWebExtension":false,"mpcOptedOut":false},{"id":"e10srollout@mozilla.org","syncGUID":"{d55b004e-e755-4678-bcc7-4da0407dd2f6}","location":"app-system-defaults","version":"1.7","type":"extension","internalName":null,"updateURL":null,"updateKey":null,"optionsURL":null,"optionsType":null,"aboutURL":null,"icons":{},"iconURL":null,"icon64URL":null,"defaultLocale":{"name":"Multi-process staged rollout","description":"Staged rollout of Firefox multi-process feature.","creator":null,"homepageURL":null},"visible":true,"active":true,"userDisabled":false,"appDisabled":false,"descriptor":"/home/hasal/Hasal/firefox/firefox/browser/features/e10srollout@mozilla.org.xpi","installDate":1479438899461,"updateDate":1484540015000,"applyBackgroundUpdates":1,"bootstrap":true,"skinnable":false,"size":7004,"sourceURI":null,"releaseNotesURI":null,"softDisabled":false,"foreignInstall":false,"hasBinaryComponents":false,"strictCompatibility":false,"locales":[],"targetApplications":[{"id":"{ec8030f7-c20a-464f-9b0e-13a3a9e97384}","minVersion":"53.0a1","maxVersion":"53.0a1"}],"targetPlatforms":[],"multiprocessCompatible":true,"seen":true,"dependencies":[],"hasEmbeddedWebExtension":false,"mpcOptedOut":false},{"id":"firefox@getpocket.com","syncGUID":"{ab68990c-f3b5-49da-8801-41958d344da2}","location":"app-system-defaults","version":"1.0.5","type":"extension","internalName":null,"updateURL":null,"updateKey":null,"optionsURL":null,"optionsType":null,"aboutURL":null,"icons":{},"iconURL":null,"icon64URL":null,"defaultLocale":{"name":"Pocket","description":"When you find something you want to view later, put it in Pocket.","creator":null,"homepageURL":null},"visible":true,"active":true,"userDisabled":false,"appDisabled":false,"descriptor":"/home/hasal/Hasal/firefox/firefox/browser/features/firefox@getpocket.com.xpi","installDate":1479438899445,"updateDate":1484540015000,"applyBackgroundUpdates":1,"bootstrap":true,"skinnable":false,"size":913572,"sourceURI":null,"releaseNotesURI":null,"softDisabled":false,"foreignInstall":false,"hasBinaryComponents":false,"strictCompatibility":false,"locales":[],"targetApplications":[{"id":"{ec8030f7-c20a-464f-9b0e-13a3a9e97384}","minVersion":"53.0a1","maxVersion":"53.0a1"}],"targetPlatforms":[],"multiprocessCompatible":true,"seen":true,"dependencies":[],"hasEmbeddedWebExtension":false,"mpcOptedOut":false},{"id":"flyweb@mozilla.org","syncGUID":"{7939fcb6-752b-4c2c-8b99-af6d9b83c142}","location":"app-system-defaults","version":"1.0.0","type":"extension","internalName":null,"updateURL":null,"updateKey":null,"optionsURL":null,"optionsType":null,"aboutURL":null,"icons":{},"iconURL":null,"icon64URL":null,"defaultLocale":{"name":"FlyWeb","description":"Discover nearby services in the browser","creator":null,"homepageURL":null},"visible":true,"active":true,"userDisabled":false,"appDisabled":false,"descriptor":"/home/hasal/Hasal/firefox/firefox/browser/features/flyweb@mozilla.org.xpi","installDate":1479438899328,"updateDate":1484540012000,"applyBackgroundUpdates":1,"bootstrap":true,"skinnable":false,"size":57000,"sourceURI":null,"releaseNotesURI":null,"softDisabled":false,"foreignInstall":false,"hasBinaryComponents":false,"strictCompatibility":false,"locales":[],"targetApplications":[{"id":"{ec8030f7-c20a-464f-9b0e-13a3a9e97384}","minVersion":"53.0a1","maxVersion":"53.0a1"}],"targetPlatforms":[],"multiprocessCompatible":true,"seen":true,"dependencies":[],"hasEmbeddedWebExtension":false,"mpcOptedOut":false},{"id":"formautofill@mozilla.org","syncGUID":"{d26f1ca6-de59-41fd-9383-43493d940c59}","location":"app-system-defaults","version":"1.0","type":"extension","internalName":null,"updateURL":null,"updateKey":null,"optionsURL":null,"optionsType":null,"aboutURL":null,"icons":{},"iconURL":null,"icon64URL":null,"defaultLocale":{"name":"Form Autofill","description":"Autofill forms with saved profiles","creator":null,"homepageURL":null},"visible":true,"active":true,"userDisabled":false,"appDisabled":false,"descriptor":"/home/hasal/Hasal/firefox/firefox/browser/features/formautofill@mozilla.org.xpi","installDate":1479438899315,"updateDate":1484540012000,"applyBackgroundUpdates":1,"bootstrap":true,"skinnable":false,"size":27690,"sourceURI":null,"releaseNotesURI":null,"softDisabled":false,"foreignInstall":false,"hasBinaryComponents":false,"strictCompatibility":false,"locales":[],"targetApplications":[{"id":"{ec8030f7-c20a-464f-9b0e-13a3a9e97384}","minVersion":"53.0a1","maxVersion":"53.0a1"}],"targetPlatforms":[],"multiprocessCompatible":true,"seen":true,"dependencies":[],"hasEmbeddedWebExtension":false,"mpcOptedOut":false},{"id":"webcompat@mozilla.org","syncGUID":"{f2bdcd9f-5940-43ed-9a98-646f79d6ba14}","location":"app-system-defaults","version":"1.0","type":"extension","internalName":null,"updateURL":null,"updateKey":null,"optionsURL":null,"optionsType":null,"aboutURL":null,"icons":{},"iconURL":null,"icon64URL":null,"defaultLocale":{"name":"Web Compat","description":"Urgent post-release fixes for web compatibility.","creator":null,"homepageURL":null},"visible":true,"active":true,"userDisabled":false,"appDisabled":false,"descriptor":"/home/hasal/Hasal/firefox/firefox/browser/features/webcompat@mozilla.org.xpi","installDate":1479438899299,"updateDate":1484540012000,"applyBackgroundUpdates":1,"bootstrap":true,"skinnable":false,"size":1458,"sourceURI":null,"releaseNotesURI":null,"softDisabled":false,"foreignInstall":false,"hasBinaryComponents":false,"strictCompatibility":false,"locales":[],"targetApplications":[{"id":"{ec8030f7-c20a-464f-9b0e-13a3a9e97384}","minVersion":"53.0a1","maxVersion":"53.0a1"}],"targetPlatforms":[],"multiprocessCompatible":true,"seen":true,"dependencies":[],"hasEmbeddedWebExtension":false,"mpcOptedOut":false},{"id":"presentation@mozilla.org","syncGUID":"{92d3d14b-7f7c-4c1f-ac18-9332abbc392f}","location":"app-system-defaults","version":"1.0.0","type":"extension","internalName":null,"updateURL":null,"updateKey":null,"optionsURL":null,"optionsType":null,"aboutURL":null,"icons":{},"iconURL":null,"icon64URL":null,"defaultLocale":{"name":"Presentation","description":"Discover nearby devices in the browser","creator":null,"homepageURL":null},"visible":true,"active":true,"userDisabled":false,"appDisabled":false,"descriptor":"/home/hasal/Hasal/firefox/firefox/browser/features/presentation@mozilla.org.xpi","installDate":1481782797825,"updateDate":1484540012000,"applyBackgroundUpdates":1,"bootstrap":true,"skinnable":false,"size":14374,"sourceURI":null,"releaseNotesURI":null,"softDisabled":false,"foreignInstall":false,"hasBinaryComponents":false,"strictCompatibility":false,"locales":[],"targetApplications":[{"id":"{ec8030f7-c20a-464f-9b0e-13a3a9e97384}","minVersion":"53.0a1","maxVersion":"53.0a1"}],"targetPlatforms":[],"multiprocessCompatible":true,"seen":true,"dependencies":[],"hasEmbeddedWebExtension":false,"mpcOptedOut":false},{"id":"shield-recipe-client@mozilla.org","syncGUID":"{3d6055c0-f24c-4322-a3ff-b0d9089b2752}","location":"app-system-defaults","version":"1.0.0","type":"extension","internalName":null,"updateURL":null,"updateKey":null,"optionsURL":null,"optionsType":null,"aboutURL":null,"icons":{},"iconURL":null,"icon64URL":null,"defaultLocale":{"name":"Shield Recipe Client","description":"Client to download and run recipes for SHIELD, Heartbeat, etc.","creator":null,"homepageURL":null},"visible":true,"active":true,"userDisabled":false,"appDisabled":false,"descriptor":"/home/hasal/Hasal/firefox/firefox/browser/features/shield-recipe-client@mozilla.org.xpi","installDate":1484540015000,"updateDate":1484540015000,"applyBackgroundUpdates":1,"bootstrap":true,"skinnable":false,"size":86429,"sourceURI":null,"releaseNotesURI":null,"softDisabled":false,"foreignInstall":false,"hasBinaryComponents":false,"strictCompatibility":false,"locales":[],"targetApplications":[{"id":"{ec8030f7-c20a-464f-9b0e-13a3a9e97384}","minVersion":"53.0a1","maxVersion":"53.0a1"}],"targetPlatforms":[],"multiprocessCompatible":true,"seen":true,"dependencies":[],"hasEmbeddedWebExtension":false,"mpcOptedOut":false},{"id":"{972ce4c6-7e08-4474-a285-3208198ce6fd}","syncGUID":"-2TN6lBvOzzr","location":"app-global","version":"53.0a1","type":"theme","internalName":"classic/1.0","updateURL":null,"updateKey":null,"optionsURL":null,"optionsType":null,"aboutURL":null,"icons":{},"iconURL":"chrome://browser/content/default-theme-icon.svg","icon64URL":null,"defaultLocale":{"name":"Default","description":"The default theme.","creator":"Mozilla","homepageURL":null,"contributors":["Mozilla Contributors"]},"visible":true,"active":true,"userDisabled":false,"appDisabled":false,"descriptor":"/home/hasal/Hasal/firefox/firefox/browser/extensions/{972ce4c6-7e08-4474-a285-3208198ce6fd}.xpi","installDate":1460588976000,"updateDate":1484540015000,"applyBackgroundUpdates":1,"skinnable":true,"size":2918,"sourceURI":null,"releaseNotesURI":null,"softDisabled":false,"foreignInstall":false,"hasBinaryComponents":false,"strictCompatibility":true,"locales":[],"targetApplications":[{"id":"{ec8030f7-c20a-464f-9b0e-13a3a9e97384}","minVersion":"53.0a1","maxVersion":"53.0a1"}],"targetPlatforms":[],"seen":true,"dependencies":[],"hasEmbeddedWebExtension":false},{"id":"ubufox@ubuntu.com","syncGUID":"{fe549802-23b2-4441-bd0f-a36132965d49}","location":"app-system-share","version":"3.2","type":"extension","internalName":null,"updateURL":null,"updateKey":null,"optionsURL":null,"optionsType":null,"aboutURL":null,"icons":{},"iconURL":"chrome://ubufox/content/ubuntulogo32.png","icon64URL":null,"defaultLocale":{"name":"Ubuntu Modifications","description":"Ubuntu modifications for Firefox","creator":"Canonical Ltd.","homepageURL":null,"contributors":["Alexander Sack <asac@ubuntu.com>","Sasa Bodiroza <jazzva@gmail.com>","Daniel Abramov <ex@vingrad.ru>","Arzhel Younsi <xionox@gmail.com>","Saïvann Carignan <oxmosys@gmail.com>","Chris Coulson <chris.coulson@canonical.com>"]},"visible":true,"active":false,"userDisabled":true,"appDisabled":false,"descriptor":"/usr/share/mozilla/extensions/{ec8030f7-c20a-464f-9b0e-13a3a9e97384}/ubufox@ubuntu.com.xpi","installDate":1442597111000,"updateDate":1442597111000,"applyBackgroundUpdates":1,"bootstrap":false,"skinnable":false,"size":129860,"sourceURI":null,"releaseNotesURI":null,"softDisabled":false,"foreignInstall":true,"hasBinaryComponents":false,"strictCompatibility":false,"locales":[{"locales":["af"],"name":"Ubuntu Modifications","description":"Ubuntu Firefox Pak","creator":"Canonical Ltd.","homepageURL":null},{"locales":["ar"],"name":"Ubuntu Modifications","description":"حزمة فايرفوكس من أوبونتو.","creator":"Canonical Ltd.","homepageURL":null},{"locales":["bg"],"name":"Ubuntu Modifications","description":"Ubuntu Firefox Pack.","creator":"Canonical Ltd.","homepageURL":null},{"locales":["ca"],"name":"Ubuntu Modifications","description":"Paquet del Firefox de l'Ubuntu.","creator":"Canonical Ltd.","homepageURL":null},{"locales":["cs"],"name":"Ubuntu Modifications","description":"Ubuntu rozšíření pro Firefox.","creator":"Canonical Ltd.","homepageURL":null},{"locales":["de"],"name":"Ubuntu Modifications","description":"Ubuntu Firefox Paket.","creator":"Canonical Ltd.","homepageURL":null},{"locales":["el"],"name":"Ubuntu Modifications","description":"Πακέτο του Ubuntu για το Firefox.","creator":"Canonical Ltd.","homepageURL":null},{"locales":["es"],"name":"Ubuntu Modifications","description":"Paquete de Ubuntu para Firefox.","creator":"Canonical Ltd.","homepageURL":null},{"locales":["eu"],"name":"Ubuntu Modifications","description":"Ubuntu Firefox Pack.","creator":"Canonical Ltd.","homepageURL":null},{"locales":["fi"],"name":"Ubuntu Modifications","description":"Ubuntun Firefox-paketti","creator":"Canonical Ltd.","homepageURL":null},{"locales":["fr"],"name":"Ubuntu Modifications","description":"Paquet Firefox Pour Ubuntu.","creator":"Canonical Ltd.","homepageURL":null},{"locales":["gl"],"name":"Ubuntu Modifications","description":"Paquete de Ubuntu para Firefox.","creator":"Canonical Ltd.","homepageURL":null},{"locales":["hu"],"name":"Ubuntu Modifications","description":"Ubuntu Firefox csomag","creator":"Canonical Ltd.","homepageURL":null},{"locales":["it"],"name":"Ubuntu Modifications","description":"Pacchetto Firefox Ubuntu.","creator":"Canonical Ltd.","homepageURL":null},{"locales":["ja"],"name":"Ubuntu Modifications","description":"Ubuntu Firefoxパック。","creator":"Canonical Ltd.","homepageURL":null},{"locales":["lt"],"name":"Ubuntu Modifications","description":"Ubuntu Firefox paketas","creator":"Canonical Ltd.","homepageURL":null},{"locales":["nl"],"name":"Ubuntu Modifications","description":"Ubuntu Firefox-pakket.","creator":"Canonical Ltd.","homepageURL":null},{"locales":["pl"],"name":"Ubuntu Modifications","description":"Pakiet Ubuntu Firefox.","creator":"Canonical Ltd.","homepageURL":null},{"locales":["pt-BR"],"name":"Ubuntu Modifications","description":"Pacote para o Firefox do Ubuntu","creator":"Canonical Ltd.","homepageURL":null},{"locales":["pt-PT"],"name":"Ubuntu Modifications","description":"Pacote Ubuntu Firefox","creator":"Canonical Ltd.","homepageURL":null},{"locales":["ro"],"name":"Ubuntu Modifications","description":"Pachetul Ubuntu Firefox.","creator":"Canonical Ltd.","homepageURL":null},{"locales":["ru"],"name":"Ubuntu Modifications","description":"Расширения Firefox для Ubuntu","creator":"Canonical Ltd.","homepageURL":null},{"locales":["sl"],"name":"Ubuntu Modifications","description":"Ubuntu razširitve za Firefox.","creator":"Canonical Ltd.","homepageURL":null},{"locales":["sv-SE"],"name":"Ubuntu Modifications","description":"Ubuntu-paket för Firefox.","creator":"Canonical Ltd.","homepageURL":null},{"locales":["uk"],"name":"Ubuntu Modifications","description":"Убунтівські доповнення до Firefox.","creator":"Canonical Ltd.","homepageURL":null},{"locales":["zh-CN"],"name":"Ubuntu Modifications","description":"Ubuntu 火狐扩展包.","creator":"Canonical Ltd.","homepageURL":null},{"locales":["zh-TW"],"name":"Ubuntu Modifications","description":"Ubuntu Firefox 擴充包。","creator":"Canonical Ltd.","homepageURL":null}],"targetApplications":[{"id":"{ec8030f7-c20a-464f-9b0e-13a3a9e97384}","minVersion":"9.0","maxVersion":"37.0a1"}],"targetPlatforms":[],"multiprocessCompatible":false,"signedState":2,"seen":true,"dependencies":[],"hasEmbeddedWebExtension":false,"mpcOptedOut":false}]}