{"schemaVersion":19,"addons":[{"id":"harexporttrigger@getfirebug.com","syncGUID":"myulpbjoSXcC","location":"app-profile","version":"0.5.0-beta.7","type":"extension","internalName":null,"updateURL":null,"updateKey":null,"optionsURL":"data:text/xml,<placeholder/>","optionsType":"2","aboutURL":null,"icons":{},"iconURL":"chrome://harexporttrigger/skin/icon-16.png","icon64URL":null,"defaultLocale":{"name":"HAR Export Trigger","description":"Trigger HAR export any time directly from within a page","creator":"Firebug Working Group","homepageURL":"https://github.com/firebug/har-export-trigger/wiki","contributors":["Jan Odvarko (Mozilla Corp.)"]},"visible":true,"active":true,"userDisabled":false,"appDisabled":false,"descriptor":"c:\\Users\\user\\Hasal\\resource\\AutoSaveHAR\\extensions\\harexporttrigger@getfirebug.com.xpi","installDate":1462863752000,"updateDate":1462863752000,"applyBackgroundUpdates":1,"bootstrap":true,"skinnable":false,"size":363844,"sourceURI":"https://addons.mozilla.org/firefox/downloads/file/370227/har_export_trigger-0.5.0-beta.7-fx.xpi?src=api","releaseNotesURI":null,"softDisabled":false,"foreignInstall":false,"hasBinaryComponents":false,"strictCompatibility":false,"locales":[],"targetApplications":[{"id":"{ec8030f7-c20a-464f-9b0e-13a3a9e97384}","minVersion":"42.0a1","maxVersion":"43.*"}],"targetPlatforms":[],"multiprocessCompatible":false,"signedState":2,"seen":true,"dependencies":[],"hasEmbeddedWebExtension":false,"mpcOptedOut":false},{"id":"@perf_mark_startend_google_docs","syncGUID":"NuaIqqYljiPS","location":"app-profile","version":"0.0.3","type":"extension","internalName":null,"updateURL":null,"updateKey":null,"optionsURL":"data:text/xml,<placeholder/>","optionsType":"2","aboutURL":null,"icons":{},"iconURL":null,"icon64URL":null,"defaultLocale":{"name":"Perf Mark of Add-On Start and End","description":"Using Performance Mark to monitor the Add-On Start and End.","creator":"Askeing","homepageURL":null},"visible":true,"active":true,"userDisabled":false,"appDisabled":false,"descriptor":"c:\\Users\\user\\Hasal\\resource\\AutoSaveHAR\\extensions\\@perf_mark_startend_google_docs.xpi","installDate":1462438292000,"updateDate":1463974106000,"applyBackgroundUpdates":1,"bootstrap":true,"skinnable":false,"size":11363,"sourceURI":"https://addons.mozilla.org/firefox/downloads/latest/697500/addon-697500-latest.xpi?src=dp-btn-primary","releaseNotesURI":null,"softDisabled":false,"foreignInstall":false,"hasBinaryComponents":false,"strictCompatibility":false,"locales":[],"targetApplications":[{"id":"{ec8030f7-c20a-464f-9b0e-13a3a9e97384}","minVersion":"38.0","maxVersion":"*"},{"id":"{aa3c5121-dab2-40e2-81ca-7ea25febc110}","minVersion":"38.0","maxVersion":"50.0"}],"targetPlatforms":[],"multiprocessCompatible":false,"signedState":2,"seen":true,"dependencies":[],"hasEmbeddedWebExtension":false,"mpcOptedOut":false},{"id":"@perf_mark_hotkeys","syncGUID":"4CPwtDqr7rTh","location":"app-profile","version":"0.0.4","type":"extension","internalName":null,"updateURL":null,"updateKey":null,"optionsURL":"data:text/xml,<placeholder/>","optionsType":"2","aboutURL":null,"icons":{},"iconURL":null,"icon64URL":null,"defaultLocale":{"name":"Sending Perf Mark by Hotkeys","description":"Using Hotkeys to send Performance Mark at Runtime.","creator":"Askeing","homepageURL":null},"visible":true,"active":true,"userDisabled":false,"appDisabled":false,"descriptor":"c:\\Users\\user\\Hasal\\resource\\AutoSaveHAR\\extensions\\@perf_mark_hotkeys.xpi","installDate":1462349801000,"updateDate":1463974114000,"applyBackgroundUpdates":1,"bootstrap":true,"skinnable":false,"size":14211,"sourceURI":"https://addons.mozilla.org/firefox/downloads/latest/700586/addon-700586-latest.xpi?src=dp-dl-othersby","releaseNotesURI":null,"softDisabled":false,"foreignInstall":false,"hasBinaryComponents":false,"strictCompatibility":false,"locales":[],"targetApplications":[{"id":"{ec8030f7-c20a-464f-9b0e-13a3a9e97384}","minVersion":"38.0","maxVersion":"*"},{"id":"{aa3c5121-dab2-40e2-81ca-7ea25febc110}","minVersion":"38.0","maxVersion":"50.0"}],"targetPlatforms":[],"multiprocessCompatible":false,"signedState":2,"seen":true,"dependencies":[],"hasEmbeddedWebExtension":false,"mpcOptedOut":false},{"id":"aushelper@mozilla.org","syncGUID":"{934d55b0-218e-4a11-a63f-38f5c6b28c5b}","location":"app-system-defaults","version":"1.0","type":"extension","internalName":null,"updateURL":null,"updateKey":null,"optionsURL":null,"optionsType":null,"aboutURL":null,"icons":{},"iconURL":null,"icon64URL":null,"defaultLocale":{"name":"Application Update Service Helper","description":"Sets value(s) in the update url based on custom checks.","creator":null,"homepageURL":null},"visible":true,"active":true,"userDisabled":false,"appDisabled":false,"descriptor":"C:\\Program Files (x86)\\Nightly\\browser\\features\\aushelper@mozilla.org.xpi","installDate":1479438899471,"updateDate":1481782797996,"applyBackgroundUpdates":1,"bootstrap":true,"skinnable":false,"size":5904,"sourceURI":null,"releaseNotesURI":null,"softDisabled":false,"foreignInstall":false,"hasBinaryComponents":false,"strictCompatibility":false,"locales":[],"targetApplications":[{"id":"{ec8030f7-c20a-464f-9b0e-13a3a9e97384}","minVersion":"53.0a1","maxVersion":"53.0a1"}],"targetPlatforms":[],"multiprocessCompatible":true,"seen":true,"dependencies":[],"hasEmbeddedWebExtension":false,"mpcOptedOut":false},{"id":"e10srollout@mozilla.org","syncGUID":"{d55b004e-e755-4678-bcc7-4da0407dd2f6}","location":"app-system-defaults","version":"1.6","type":"extension","internalName":null,"updateURL":null,"updateKey":null,"optionsURL":null,"optionsType":null,"aboutURL":null,"icons":{},"iconURL":null,"icon64URL":null,"defaultLocale":{"name":"Multi-process staged rollout","description":"Staged rollout of Firefox multi-process feature.","creator":null,"homepageURL":null},"visible":true,"active":true,"userDisabled":false,"appDisabled":false,"descriptor":"C:\\Program Files (x86)\\Nightly\\browser\\features\\e10srollout@mozilla.org.xpi","installDate":1479438899461,"updateDate":1481782797990,"applyBackgroundUpdates":1,"bootstrap":true,"skinnable":false,"size":7051,"sourceURI":null,"releaseNotesURI":null,"softDisabled":false,"foreignInstall":false,"hasBinaryComponents":false,"strictCompatibility":false,"locales":[],"targetApplications":[{"id":"{ec8030f7-c20a-464f-9b0e-13a3a9e97384}","minVersion":"53.0a1","maxVersion":"53.0a1"}],"targetPlatforms":[],"multiprocessCompatible":true,"seen":true,"dependencies":[],"hasEmbeddedWebExtension":false,"mpcOptedOut":false},{"id":"firefox@getpocket.com","syncGUID":"{ab68990c-f3b5-49da-8801-41958d344da2}","location":"app-system-defaults","version":"1.0.5","type":"extension","internalName":null,"updateURL":null,"updateKey":null,"optionsURL":null,"optionsType":null,"aboutURL":null,"icons":{},"iconURL":null,"icon64URL":null,"defaultLocale":{"name":"Pocket","description":"When you find something you want to view later, put it in Pocket.","creator":null,"homepageURL":null},"visible":true,"active":true,"userDisabled":false,"appDisabled":false,"descriptor":"C:\\Program Files (x86)\\Nightly\\browser\\features\\firefox@getpocket.com.xpi","installDate":1479438899445,"updateDate":1481782797977,"applyBackgroundUpdates":1,"bootstrap":true,"skinnable":false,"size":920318,"sourceURI":null,"releaseNotesURI":null,"softDisabled":false,"foreignInstall":false,"hasBinaryComponents":false,"strictCompatibility":false,"locales":[],"targetApplications":[{"id":"{ec8030f7-c20a-464f-9b0e-13a3a9e97384}","minVersion":"53.0a1","maxVersion":"53.0a1"}],"targetPlatforms":[],"multiprocessCompatible":true,"seen":true,"dependencies":[],"hasEmbeddedWebExtension":false,"mpcOptedOut":false},{"id":"flyweb@mozilla.org","syncGUID":"{7939fcb6-752b-4c2c-8b99-af6d9b83c142}","location":"app-system-defaults","version":"1.0.0","type":"extension","internalName":null,"updateURL":null,"updateKey":null,"optionsURL":null,"optionsType":null,"aboutURL":null,"icons":{},"iconURL":null,"icon64URL":null,"defaultLocale":{"name":"FlyWeb","description":"Discover nearby services in the browser","creator":null,"homepageURL":null},"visible":true,"active":true,"userDisabled":false,"appDisabled":false,"descriptor":"C:\\Program Files (x86)\\Nightly\\browser\\features\\flyweb@mozilla.org.xpi","installDate":1479438899328,"updateDate":1481782797865,"applyBackgroundUpdates":1,"bootstrap":true,"skinnable":false,"size":57012,"sourceURI":null,"releaseNotesURI":null,"softDisabled":false,"foreignInstall":false,"hasBinaryComponents":false,"strictCompatibility":false,"locales":[],"targetApplications":[{"id":"{ec8030f7-c20a-464f-9b0e-13a3a9e97384}","minVersion":"53.0a1","maxVersion":"53.0a1"}],"targetPlatforms":[],"multiprocessCompatible":true,"seen":true,"dependencies":[],"hasEmbeddedWebExtension":false,"mpcOptedOut":false},{"id":"formautofill@mozilla.org","syncGUID":"{d26f1ca6-de59-41fd-9383-43493d940c59}","location":"app-system-defaults","version":"1.0","type":"extension","internalName":null,"updateURL":null,"updateKey":null,"optionsURL":null,"optionsType":null,"aboutURL":null,"icons":{},"iconURL":null,"icon64URL":null,"defaultLocale":{"name":"Form Autofill","description":"Autofill forms with saved profiles","creator":null,"homepageURL":null},"visible":true,"active":true,"userDisabled":false,"appDisabled":false,"descriptor":"C:\\Program Files (x86)\\Nightly\\browser\\features\\formautofill@mozilla.org.xpi","installDate":1479438899315,"updateDate":1481782797847,"applyBackgroundUpdates":1,"bootstrap":true,"skinnable":false,"size":17792,"sourceURI":null,"releaseNotesURI":null,"softDisabled":false,"foreignInstall":false,"hasBinaryComponents":false,"strictCompatibility":false,"locales":[],"targetApplications":[{"id":"{ec8030f7-c20a-464f-9b0e-13a3a9e97384}","minVersion":"53.0a1","maxVersion":"53.0a1"}],"targetPlatforms":[],"multiprocessCompatible":true,"seen":true,"dependencies":[],"hasEmbeddedWebExtension":false,"mpcOptedOut":false},{"id":"webcompat@mozilla.org","syncGUID":"{f2bdcd9f-5940-43ed-9a98-646f79d6ba14}","location":"app-system-defaults","version":"1.0","type":"extension","internalName":null,"updateURL":null,"updateKey":null,"optionsURL":null,"optionsType":null,"aboutURL":null,"icons":{},"iconURL":null,"icon64URL":null,"defaultLocale":{"name":"Web Compat","description":"Urgent post-release fixes for web compatibility.","creator":null,"homepageURL":null},"visible":true,"active":true,"userDisabled":false,"appDisabled":false,"descriptor":"C:\\Program Files (x86)\\Nightly\\browser\\features\\webcompat@mozilla.org.xpi","installDate":1479438899299,"updateDate":1481782797808,"applyBackgroundUpdates":1,"bootstrap":true,"skinnable":false,"size":1458,"sourceURI":null,"releaseNotesURI":null,"softDisabled":false,"foreignInstall":false,"hasBinaryComponents":false,"strictCompatibility":false,"locales":[],"targetApplications":[{"id":"{ec8030f7-c20a-464f-9b0e-13a3a9e97384}","minVersion":"53.0a1","maxVersion":"53.0a1"}],"targetPlatforms":[],"multiprocessCompatible":true,"seen":true,"dependencies":[],"hasEmbeddedWebExtension":false,"mpcOptedOut":false},{"id":"presentation@mozilla.org","syncGUID":"{92d3d14b-7f7c-4c1f-ac18-9332abbc392f}","location":"app-system-defaults","version":"1.0.0","type":"extension","internalName":null,"updateURL":null,"updateKey":null,"optionsURL":null,"optionsType":null,"aboutURL":null,"icons":{},"iconURL":null,"icon64URL":null,"defaultLocale":{"name":"Presentation","description":"Discover nearby devices in the browser","creator":null,"homepageURL":null},"visible":true,"active":true,"userDisabled":false,"appDisabled":false,"descriptor":"C:\\Program Files (x86)\\Nightly\\browser\\features\\presentation@mozilla.org.xpi","installDate":1481782797825,"updateDate":1481782797825,"applyBackgroundUpdates":1,"bootstrap":true,"skinnable":false,"size":14464,"sourceURI":null,"releaseNotesURI":null,"softDisabled":false,"foreignInstall":false,"hasBinaryComponents":false,"strictCompatibility":false,"locales":[],"targetApplications":[{"id":"{ec8030f7-c20a-464f-9b0e-13a3a9e97384}","minVersion":"53.0a1","maxVersion":"53.0a1"}],"targetPlatforms":[],"multiprocessCompatible":true,"seen":true,"dependencies":[],"hasEmbeddedWebExtension":false,"mpcOptedOut":false},{"id":"{972ce4c6-7e08-4474-a285-3208198ce6fd}","syncGUID":"-2TN6lBvOzzr","location":"app-global","version":"53.0a1","type":"theme","internalName":"classic/1.0","updateURL":null,"updateKey":null,"optionsURL":null,"optionsType":null,"aboutURL":null,"icons":{"32":"icon.png","48":"icon.png"},"iconURL":null,"icon64URL":null,"defaultLocale":{"name":"Default","description":"The default theme.","creator":"Mozilla","homepageURL":null,"contributors":["Mozilla Contributors"]},"visible":true,"active":true,"userDisabled":false,"appDisabled":false,"descriptor":"C:\\Program Files (x86)\\Nightly\\browser\\extensions\\{972ce4c6-7e08-4474-a285-3208198ce6fd}.xpi","installDate":1460588976000,"updateDate":1481782798000,"applyBackgroundUpdates":1,"skinnable":true,"size":19319,"sourceURI":null,"releaseNotesURI":null,"softDisabled":false,"foreignInstall":false,"hasBinaryComponents":false,"strictCompatibility":true,"locales":[],"targetApplications":[{"id":"{ec8030f7-c20a-464f-9b0e-13a3a9e97384}","minVersion":"53.0a1","maxVersion":"53.0a1"}],"targetPlatforms":[],"seen":true,"dependencies":[],"hasEmbeddedWebExtension":false}]}