{"schema":5,"addons":[{"id":"@perf_mark_startend_google_docs","icons":{"32":"https://addons.cdn.mozilla.net/static/img/addon-icons/alerts-32.png","64":"https://addons.cdn.mozilla.net/static/img/addon-icons/alerts-64.png"},"name":"Perf Mark of Add-On Start and End","type":"extension","version":"0.0.3","repositoryStatus":4,"creator":{"name":"askeing","url":"https://addons.mozilla.org/en-US/firefox/user/askeing/?src=api"},"description":"Using Performance Mark to monitor the Add-On Start and End.","fullDescription":"Using Performance Mark to monitor the Add-On Start and End for Google Docs.\nThe Profiler can show the performance mark on profiling results at pageMod start and end.\n\nReference:\nhttps://developer.mozilla.org/en-US/Add-ons/SDK/High-Level_APIs/page-mod\n\n\"start\": Load content scripts immediately after the document element is inserted into the DOM, but before the DOM content itself has been loaded\n\"ready\": Load content scripts once DOM content has been loaded, corresponding to the DOMContentLoaded event\n\"end\": Load content scripts once all the content (DOM, JS, CSS, images) has been loaded, at the time the window.onload event fires","isPlatformCompatible":true,"eula":null,"screenshots":[{"url":"https://addons.cdn.mozilla.net/user-media/previews/full/173/173853.png?src=api&modified=1462524786","width":"700","height":"484","thumbnailURL":"https://addons.cdn.mozilla.net/user-media/previews/thumbs/173/173853.png?src=api&modified=1462524786","thumbnailWidth":"200","thumbnailHeight":"138","caption":"Setup the URL Match Pattern."},{"url":"https://addons.cdn.mozilla.net/user-media/previews/full/173/173854.png?src=api&modified=1462524786","width":"700","height":"484","thumbnailURL":"https://addons.cdn.mozilla.net/user-media/previews/thumbs/173/173854.png?src=api&modified=1462524786","thumbnailWidth":"200","thumbnailHeight":"138","caption":"The Perf Mark will be displayed on profiling result."}],"averageRating":0,"learnmoreURL":"https://addons.mozilla.org/en-US/firefox/addon/perfmark-startend-google-docs/?src=api","homepageURL":"https://github.com/askeing/firefox_perf_mark","sourceURI":"https://addons.mozilla.org/firefox/downloads/file/441145/perf_mark_of_add_on_start_and_end-0.0.3-fx+an.xpi?src=api","size":7741,"contributionURL":"https://addons.mozilla.org/en-US/firefox/addon/perfmark-startend-google-docs/developers?src=api","contributionAmount":"$1.99","developerComments":null,"reviewURL":"https://addons.mozilla.org/en-US/firefox/addon/perfmark-startend-google-docs/reviews/?src=api","reviewCount":0,"totalDownloads":434,"weeklyDownloads":2,"dailyUsers":5,"updateDate":1463770296000,"supportURL":null},{"id":"@perf_mark_hotkeys","icons":{"32":"https://addons.cdn.mozilla.net/static/img/addon-icons/alerts-32.png","64":"https://addons.cdn.mozilla.net/static/img/addon-icons/alerts-64.png"},"name":"Sending Perf Mark by Hotkeys","type":"extension","version":"0.0.4","repositoryStatus":4,"creator":{"name":"askeing","url":"https://addons.mozilla.org/en-US/firefox/user/askeing/?src=api"},"description":"Using Hotkeys to send Performance Mark at Runtime.","fullDescription":"Using Hotkeys to send Performance Mark at Runtime.\nThe Profiler can show the performance mark on profiling results.\nYou can setup the mark's message on Add-On preferences page.\n\nHotkeys:\nCtrl+Shift+3, Ctrl+Shift+4, Ctrl+Shift+5, ..., Ctrl+Shift+0","isPlatformCompatible":true,"eula":null,"screenshots":[{"url":"https://addons.cdn.mozilla.net/user-media/previews/full/173/173738.png?src=api&modified=1463638620","width":"700","height":"505","thumbnailURL":"https://addons.cdn.mozilla.net/user-media/previews/thumbs/173/173738.png?src=api&modified=1463638620","thumbnailWidth":"200","thumbnailHeight":"144","caption":"Setup the messages of Mark."},{"url":"https://addons.cdn.mozilla.net/user-media/previews/full/174/174318.png?src=api&modified=1463638624","width":"700","height":"463","thumbnailURL":"https://addons.cdn.mozilla.net/user-media/previews/thumbs/174/174318.png?src=api&modified=1463638624","thumbnailWidth":"200","thumbnailHeight":"132","caption":"Enable/Disable the HotKeys."},{"url":"https://addons.cdn.mozilla.net/user-media/previews/full/173/173739.png?src=api&modified=1463638620","width":"700","height":"505","thumbnailURL":"https://addons.cdn.mozilla.net/user-media/previews/thumbs/173/173739.png?src=api&modified=1463638620","thumbnailWidth":"200","thumbnailHeight":"144","caption":"The Perf Mark will be displayed on profiling result."}],"averageRating":0,"learnmoreURL":"https://addons.mozilla.org/en-US/firefox/addon/sending-perf-mark-by-hotkeys/?src=api","homepageURL":"https://github.com/askeing/firefox_perf_mark","sourceURI":"https://addons.mozilla.org/firefox/downloads/file/441146/sending_perf_mark_by_hotkeys-0.0.4-an+fx.xpi?src=api","size":7387,"contributionURL":"https://addons.mozilla.org/en-US/firefox/addon/sending-perf-mark-by-hotkeys/developers?src=api","contributionAmount":"$1.99","developerComments":null,"reviewURL":"https://addons.mozilla.org/en-US/firefox/addon/sending-perf-mark-by-hotkeys/reviews/?src=api","reviewCount":0,"totalDownloads":565,"weeklyDownloads":3,"dailyUsers":1,"updateDate":1463840957000,"supportURL":null},{"id":"{17c743a8-26cd-48e4-93a3-6a0d1e06529b}","icons":{"32":null,"64":null},"name":"Perf Marker","type":"extension","version":"1.1","repositoryStatus":4,"creator":{"name":"digitarald","url":"https://addons.mozilla.org/en-US/firefox/user/hkirschner/?src=api"},"description":"performance.mark for key page events, clicks and scrolling\n\nSource: https://github.com/digitarald/perf-marker-webext","fullDescription":null,"isPlatformCompatible":true,"eula":null,"averageRating":0,"learnmoreURL":"https://addons.mozilla.org/en-US/firefox/addon/perf-marker/?src=api","homepageURL":"https://addons.mozilla.org/en-US/firefox/addon/perf-marker/?src=api","sourceURI":"https://addons.mozilla.org/firefox/downloads/file/542721/perf_marker-1.1-an+fx.xpi?src=api","size":11481,"developerComments":null,"reviewURL":"https://addons.mozilla.org/en-US/firefox/addon/perf-marker/reviews/?src=api","reviewCount":0,"totalDownloads":148,"weeklyDownloads":16,"dailyUsers":11,"updateDate":1480057700000,"supportURL":"https://github.com/digitarald/perf-marker-webext/issues"}]}