{"schema":5,"addons":[{"id":"langpack-en-ZA@firefox.mozilla.org","icons":{"32":"https://addons.cdn.mozilla.net/user-media/addon_icons/6/6180-32.png?modified=1358351591","64":"https://addons.cdn.mozilla.net/user-media/addon_icons/6/6180-64.png?modified=1358351591"},"name":"English (South African) Language Pack","type":"locale","version":"46.0","repositoryStatus":4,"creator":{"name":"Dwayne Bailey","url":"https://addons.mozilla.org/en-US/firefox/user/dwayne-bailey/?src=api"},"developers":[{"name":"Translate.org.za","url":"https://addons.mozilla.org/en-US/firefox/user/translateorgza/?src=api"},{"name":"Mozilla","url":"https://addons.mozilla.org/en-US/firefox/user/mozilla/?src=api"}],"description":"Adds South African English language support to the Firefox browser. All interfaces will be translated into South African English.","fullDescription":"Translation of the Firefox user interface into South African English by http://translate.org.za.\n\nIf you find missing translations or incorrect translations then visit http://pootle.translate.org.za and please contribute a correction.","isPlatformCompatible":true,"eula":null,"averageRating":2,"learnmoreURL":"https://addons.mozilla.org/en-US/firefox/addon/english-south-african-language/?src=api","homepageURL":"http://translate.org.za/content/view/15/31/lang,en/","sourceURI":"https://addons.mozilla.org/firefox/downloads/file/431016/english_south_african_language_pack-46.0-fx.xpi?src=api","size":432274,"developerComments":null,"reviewURL":"https://addons.mozilla.org/en-US/firefox/addon/english-south-african-language/reviews/?src=api","reviewCount":3,"totalDownloads":97181,"weeklyDownloads":112,"dailyUsers":97181,"updateDate":1461709799000,"supportURL":null},{"id":"langpack-en-GB@firefox.mozilla.org","icons":{"32":null,"64":null},"name":"English (GB) Language Pack","type":"locale","version":"46.0","repositoryStatus":4,"creator":{"name":"Mozilla","url":"https://addons.mozilla.org/en-US/firefox/user/mozilla/?src=api"},"description":null,"fullDescription":null,"isPlatformCompatible":true,"eula":null,"averageRating":3,"learnmoreURL":"https://addons.mozilla.org/en-US/firefox/addon/english-gb-language-pack/?src=api","homepageURL":"https://addons.mozilla.org/en-US/firefox/addon/english-gb-language-pack/?src=api","sourceURI":"https://addons.mozilla.org/firefox/downloads/file/431014/english_gb_language_pack-46.0-fx.xpi?src=api","size":442897,"developerComments":null,"reviewURL":"https://addons.mozilla.org/en-US/firefox/addon/english-gb-language-pack/reviews/?src=api","reviewCount":17,"totalDownloads":672616,"weeklyDownloads":3017,"dailyUsers":672616,"updateDate":1461709798000,"supportURL":null},{"id":"@perf_mark_hotkeys","icons":{"32":"https://addons.cdn.mozilla.net/static/img/addon-icons/alerts-32.png","64":"https://addons.cdn.mozilla.net/static/img/addon-icons/alerts-64.png"},"name":"Sending Perf Mark by Hotkeys","type":"extension","version":"0.0.1","repositoryStatus":8,"creator":{"name":"askeing","url":"https://addons.mozilla.org/en-US/firefox/user/askeing/?src=api"},"description":"Using Hotkeys to send Performance Mark at Runtime.","fullDescription":"Using Hotkeys to send Performance Mark at Runtime.\nThe Profiler can show the performance mark on profiling results.\nYou can setup the mark's message on Add-On preferences page.\n\nHotkeys:\nCtrl+Shift+3, Ctrl+Shift+4, Ctrl+Shift+5, ..., Ctrl+Shift+0","isPlatformCompatible":true,"eula":null,"screenshots":[{"url":"https://addons.cdn.mozilla.net/user-media/previews/full/173/173738.png?src=api&modified=1462265480","width":"700","height":"505","thumbnailURL":"https://addons.cdn.mozilla.net/user-media/previews/thumbs/173/173738.png?src=api&modified=1462265480","thumbnailWidth":"200","thumbnailHeight":"144","caption":"Setup the messages of Mark."},{"url":"https://addons.cdn.mozilla.net/user-media/previews/full/173/173739.png?src=api&modified=1462265480","width":"700","height":"505","thumbnailURL":"https://addons.cdn.mozilla.net/user-media/previews/thumbs/173/173739.png?src=api&modified=1462265480","thumbnailWidth":"200","thumbnailHeight":"144","caption":"The Perf Mark will be displayed on profiling result."}],"averageRating":0,"learnmoreURL":"https://addons.mozilla.org/en-US/firefox/addon/sending-perf-mark-by-hotkeys/?src=api","homepageURL":"https://addons.mozilla.org/en-US/firefox/addon/sending-perf-mark-by-hotkeys/?src=api","sourceURI":"https://addons.mozilla.org/firefox/downloads/file/433647/sending_perf_mark_by_hotkeys-0.0.1-fx+an.xpi?src=api","size":6619,"developerComments":null,"reviewURL":"https://addons.mozilla.org/en-US/firefox/addon/sending-perf-mark-by-hotkeys/reviews/?src=api","reviewCount":0,"totalDownloads":0,"weeklyDownloads":0,"dailyUsers":0,"updateDate":1462340732000,"supportURL":null}]}