{"schemaVersion":19,"addons":[{"id":"@perf_mark_startend_google_docs","syncGUID":"9EGGkO7piLob","location":"app-profile","version":"0.0.3","type":"extension","internalName":null,"updateURL":null,"updateKey":null,"optionsURL":"data:text/xml,<placeholder/>","optionsType":"2","aboutURL":null,"icons":{},"iconURL":null,"icon64URL":null,"defaultLocale":{"name":"Perf Mark of Add-On Start and End","description":"Using Performance Mark to monitor the Add-On Start and End.","creator":"Askeing","homepageURL":null},"visible":true,"active":true,"userDisabled":false,"appDisabled":false,"descriptor":"c:\\Users\\user\\Hasal\\resource\\GeckoProfiler\\extensions\\@perf_mark_startend_google_docs.xpi","installDate":1462437647000,"updateDate":1463973966000,"applyBackgroundUpdates":1,"bootstrap":true,"skinnable":false,"size":11363,"sourceURI":"https://addons.mozilla.org/firefox/downloads/latest/697500/addon-697500-latest.xpi?src=dp-btn-primary","releaseNotesURI":null,"softDisabled":false,"foreignInstall":false,"hasBinaryComponents":false,"strictCompatibility":false,"locales":[],"targetApplications":[{"id":"{ec8030f7-c20a-464f-9b0e-13a3a9e97384}","minVersion":"38.0","maxVersion":"*"},{"id":"{aa3c5121-dab2-40e2-81ca-7ea25febc110}","minVersion":"38.0","maxVersion":"50.0"}],"targetPlatforms":[],"multiprocessCompatible":false,"signedState":2,"seen":true,"dependencies":[],"hasEmbeddedWebExtension":false},{"id":"@perf_mark_hotkeys","syncGUID":"cnqxIkcR9i6t","location":"app-profile","version":"0.0.4","type":"extension","internalName":null,"updateURL":null,"updateKey":null,"optionsURL":"data:text/xml,<placeholder/>","optionsType":"2","aboutURL":null,"icons":{},"iconURL":null,"icon64URL":null,"defaultLocale":{"name":"Sending Perf Mark by Hotkeys","description":"Using Hotkeys to send Performance Mark at Runtime.","creator":"Askeing","homepageURL":null},"visible":true,"active":true,"userDisabled":false,"appDisabled":false,"descriptor":"c:\\Users\\user\\Hasal\\resource\\GeckoProfiler\\extensions\\@perf_mark_hotkeys.xpi","installDate":1462350271000,"updateDate":1463973975000,"applyBackgroundUpdates":1,"bootstrap":true,"skinnable":false,"size":14211,"sourceURI":"https://addons.mozilla.org/firefox/downloads/latest/700586/addon-700586-latest.xpi?src=dp-dl-othersby","releaseNotesURI":null,"softDisabled":false,"foreignInstall":false,"hasBinaryComponents":false,"strictCompatibility":false,"locales":[],"targetApplications":[{"id":"{ec8030f7-c20a-464f-9b0e-13a3a9e97384}","minVersion":"38.0","maxVersion":"*"},{"id":"{aa3c5121-dab2-40e2-81ca-7ea25febc110}","minVersion":"38.0","maxVersion":"50.0"}],"targetPlatforms":[],"multiprocessCompatible":false,"signedState":2,"seen":true,"dependencies":[],"hasEmbeddedWebExtension":false},{"id":"aushelper@mozilla.org","syncGUID":"{236fd402-b1c8-4507-be43-127b21f471c6}","location":"app-system-defaults","version":"1.0","type":"extension","internalName":null,"updateURL":null,"updateKey":null,"optionsURL":null,"optionsType":null,"aboutURL":null,"icons":{},"iconURL":null,"icon64URL":null,"defaultLocale":{"name":"Application Update Service Helper","description":"Sets value(s) in the update url based on custom checks.","creator":null,"homepageURL":null},"visible":true,"active":true,"userDisabled":false,"appDisabled":false,"descriptor":"C:\\Program Files (x86)\\Nightly\\browser\\features\\aushelper@mozilla.org.xpi","installDate":1481782797996,"updateDate":1481782797996,"applyBackgroundUpdates":1,"bootstrap":true,"skinnable":false,"size":5904,"sourceURI":null,"releaseNotesURI":null,"softDisabled":false,"foreignInstall":false,"hasBinaryComponents":false,"strictCompatibility":false,"locales":[],"targetApplications":[{"id":"{ec8030f7-c20a-464f-9b0e-13a3a9e97384}","minVersion":"53.0a1","maxVersion":"53.0a1"}],"targetPlatforms":[],"multiprocessCompatible":true,"seen":true,"dependencies":[],"hasEmbeddedWebExtension":false,"mpcOptedOut":false},{"id":"e10srollout@mozilla.org","syncGUID":"{95393c2e-8d9f-44ce-80b7-7068e7cc81e7}","location":"app-system-defaults","version":"1.6","type":"extension","internalName":null,"updateURL":null,"updateKey":null,"optionsURL":null,"optionsType":null,"aboutURL":null,"icons":{},"iconURL":null,"icon64URL":null,"defaultLocale":{"name":"Multi-process staged rollout","description":"Staged rollout of Firefox multi-process feature.","creator":null,"homepageURL":null},"visible":true,"active":true,"userDisabled":false,"appDisabled":false,"descriptor":"C:\\Program Files (x86)\\Nightly\\browser\\features\\e10srollout@mozilla.org.xpi","installDate":1481782797990,"updateDate":1481782797990,"applyBackgroundUpdates":1,"bootstrap":true,"skinnable":false,"size":7051,"sourceURI":null,"releaseNotesURI":null,"softDisabled":false,"foreignInstall":false,"hasBinaryComponents":false,"strictCompatibility":false,"locales":[],"targetApplications":[{"id":"{ec8030f7-c20a-464f-9b0e-13a3a9e97384}","minVersion":"53.0a1","maxVersion":"53.0a1"}],"targetPlatforms":[],"multiprocessCompatible":true,"seen":true,"dependencies":[],"hasEmbeddedWebExtension":false,"mpcOptedOut":false},{"id":"firefox@getpocket.com","syncGUID":"{abce6ae2-9d24-4532-ac55-2108e0c69bfa}","location":"app-system-defaults","version":"1.0.5","type":"extension","internalName":null,"updateURL":null,"updateKey":null,"optionsURL":null,"optionsType":null,"aboutURL":null,"icons":{},"iconURL":null,"icon64URL":null,"defaultLocale":{"name":"Pocket","description":"When you find something you want to view later, put it in Pocket.","creator":null,"homepageURL":null},"visible":true,"active":true,"userDisabled":false,"appDisabled":false,"descriptor":"C:\\Program Files (x86)\\Nightly\\browser\\features\\firefox@getpocket.com.xpi","installDate":1481782797977,"updateDate":1481782797977,"applyBackgroundUpdates":1,"bootstrap":true,"skinnable":false,"size":920318,"sourceURI":null,"releaseNotesURI":null,"softDisabled":false,"foreignInstall":false,"hasBinaryComponents":false,"strictCompatibility":false,"locales":[],"targetApplications":[{"id":"{ec8030f7-c20a-464f-9b0e-13a3a9e97384}","minVersion":"53.0a1","maxVersion":"53.0a1"}],"targetPlatforms":[],"multiprocessCompatible":true,"seen":true,"dependencies":[],"hasEmbeddedWebExtension":false,"mpcOptedOut":false},{"id":"flyweb@mozilla.org","syncGUID":"{327d5fa5-e038-4fa5-bdd6-e8a36f341155}","location":"app-system-defaults","version":"1.0.0","type":"extension","internalName":null,"updateURL":null,"updateKey":null,"optionsURL":null,"optionsType":null,"aboutURL":null,"icons":{},"iconURL":null,"icon64URL":null,"defaultLocale":{"name":"FlyWeb","description":"Discover nearby services in the browser","creator":null,"homepageURL":null},"visible":true,"active":true,"userDisabled":false,"appDisabled":false,"descriptor":"C:\\Program Files (x86)\\Nightly\\browser\\features\\flyweb@mozilla.org.xpi","installDate":1481782797865,"updateDate":1481782797865,"applyBackgroundUpdates":1,"bootstrap":true,"skinnable":false,"size":57012,"sourceURI":null,"releaseNotesURI":null,"softDisabled":false,"foreignInstall":false,"hasBinaryComponents":false,"strictCompatibility":false,"locales":[],"targetApplications":[{"id":"{ec8030f7-c20a-464f-9b0e-13a3a9e97384}","minVersion":"53.0a1","maxVersion":"53.0a1"}],"targetPlatforms":[],"multiprocessCompatible":true,"seen":true,"dependencies":[],"hasEmbeddedWebExtension":false,"mpcOptedOut":false},{"id":"formautofill@mozilla.org","syncGUID":"{fff4c1ba-2cdf-4190-85e7-9d5f66a9c895}","location":"app-system-defaults","version":"1.0","type":"extension","internalName":null,"updateURL":null,"updateKey":null,"optionsURL":null,"optionsType":null,"aboutURL":null,"icons":{},"iconURL":null,"icon64URL":null,"defaultLocale":{"name":"Form Autofill","description":"Autofill forms with saved profiles","creator":null,"homepageURL":null},"visible":true,"active":true,"userDisabled":false,"appDisabled":false,"descriptor":"C:\\Program Files (x86)\\Nightly\\browser\\features\\formautofill@mozilla.org.xpi","installDate":1481782797847,"updateDate":1481782797847,"applyBackgroundUpdates":1,"bootstrap":true,"skinnable":false,"size":17792,"sourceURI":null,"releaseNotesURI":null,"softDisabled":false,"foreignInstall":false,"hasBinaryComponents":false,"strictCompatibility":false,"locales":[],"targetApplications":[{"id":"{ec8030f7-c20a-464f-9b0e-13a3a9e97384}","minVersion":"53.0a1","maxVersion":"53.0a1"}],"targetPlatforms":[],"multiprocessCompatible":true,"seen":true,"dependencies":[],"hasEmbeddedWebExtension":false,"mpcOptedOut":false},{"id":"presentation@mozilla.org","syncGUID":"{2a2f13a0-5842-469d-8898-adfc44880fa1}","location":"app-system-defaults","version":"1.0.0","type":"extension","internalName":null,"updateURL":null,"updateKey":null,"optionsURL":null,"optionsType":null,"aboutURL":null,"icons":{},"iconURL":null,"icon64URL":null,"defaultLocale":{"name":"Presentation","description":"Discover nearby devices in the browser","creator":null,"homepageURL":null},"visible":true,"active":true,"userDisabled":false,"appDisabled":false,"descriptor":"C:\\Program Files (x86)\\Nightly\\browser\\features\\presentation@mozilla.org.xpi","installDate":1481782797825,"updateDate":1481782797825,"applyBackgroundUpdates":1,"bootstrap":true,"skinnable":false,"size":14464,"sourceURI":null,"releaseNotesURI":null,"softDisabled":false,"foreignInstall":false,"hasBinaryComponents":false,"strictCompatibility":false,"locales":[],"targetApplications":[{"id":"{ec8030f7-c20a-464f-9b0e-13a3a9e97384}","minVersion":"53.0a1","maxVersion":"53.0a1"}],"targetPlatforms":[],"multiprocessCompatible":true,"seen":true,"dependencies":[],"hasEmbeddedWebExtension":false,"mpcOptedOut":false},{"id":"webcompat@mozilla.org","syncGUID":"{593b931e-2124-4868-b934-338887185559}","location":"app-system-defaults","version":"1.0","type":"extension","internalName":null,"updateURL":null,"updateKey":null,"optionsURL":null,"optionsType":null,"aboutURL":null,"icons":{},"iconURL":null,"icon64URL":null,"defaultLocale":{"name":"Web Compat","description":"Urgent post-release fixes for web compatibility.","creator":null,"homepageURL":null},"visible":true,"active":true,"userDisabled":false,"appDisabled":false,"descriptor":"C:\\Program Files (x86)\\Nightly\\browser\\features\\webcompat@mozilla.org.xpi","installDate":1481782797808,"updateDate":1481782797808,"applyBackgroundUpdates":1,"bootstrap":true,"skinnable":false,"size":1458,"sourceURI":null,"releaseNotesURI":null,"softDisabled":false,"foreignInstall":false,"hasBinaryComponents":false,"strictCompatibility":false,"locales":[],"targetApplications":[{"id":"{ec8030f7-c20a-464f-9b0e-13a3a9e97384}","minVersion":"53.0a1","maxVersion":"53.0a1"}],"targetPlatforms":[],"multiprocessCompatible":true,"seen":true,"dependencies":[],"hasEmbeddedWebExtension":false,"mpcOptedOut":false},{"id":"{972ce4c6-7e08-4474-a285-3208198ce6fd}","syncGUID":"SiGQCGIdjTY6","location":"app-global","version":"53.0a1","type":"theme","internalName":"classic/1.0","updateURL":null,"updateKey":null,"optionsURL":null,"optionsType":null,"aboutURL":null,"icons":{"32":"icon.png","48":"icon.png"},"iconURL":null,"icon64URL":null,"defaultLocale":{"name":"Default","description":"The default theme.","creator":"Mozilla","homepageURL":null,"contributors":["Mozilla Contributors"]},"visible":true,"active":true,"userDisabled":false,"appDisabled":false,"descriptor":"C:\\Program Files (x86)\\Nightly\\browser\\extensions\\{972ce4c6-7e08-4474-a285-3208198ce6fd}.xpi","installDate":1460588976000,"updateDate":1481782798000,"applyBackgroundUpdates":1,"skinnable":true,"size":19319,"sourceURI":null,"releaseNotesURI":null,"softDisabled":false,"foreignInstall":false,"hasBinaryComponents":false,"strictCompatibility":true,"locales":[],"targetApplications":[{"id":"{ec8030f7-c20a-464f-9b0e-13a3a9e97384}","minVersion":"53.0a1","maxVersion":"53.0a1"}],"targetPlatforms":[],"seen":true,"dependencies":[],"hasEmbeddedWebExtension":false},{"id":"jid0-edalmuivkozlouyij0lpdx548bc@jetpack","syncGUID":"d17o59-S8STo","location":"app-profile","version":"1.16.25","type":"extension","internalName":null,"updateURL":"https://github.com/bgirard/Gecko-Profiler-Addon/raw/master/src/geckoprofiler.update.rdf","updateKey":null,"optionsURL":null,"optionsType":null,"aboutURL":null,"icons":{"32":"icon.png","48":"icon.png"},"iconURL":null,"icon64URL":null,"defaultLocale":{"name":"geckoprofiler","description":"Provide advanced profiling results integrating both the Javascript and C++ (platform) execution. Focus in on the cause of slow events causing the browser to be unresponsive and share the profiles with others. Ideal for both platform or Web development. For all the profiling features use a Nightly firefox build.","creator":"Benoit Girard <bgirard@mozilla.com>","homepageURL":null},"visible":true,"active":true,"userDisabled":false,"appDisabled":false,"descriptor":"c:\\Users\\user\\Hasal\\resource\\GeckoProfiler\\extensions\\jid0-edalmuivkozlouyij0lpdx548bc@jetpack.xpi","installDate":1461747576000,"updateDate":1481782896866,"applyBackgroundUpdates":"1","bootstrap":true,"skinnable":false,"size":1880062,"sourceURI":"https://github.com/bgirard/Gecko-Profiler-Addon/raw/master/geckoprofiler-signed.xpi","releaseNotesURI":null,"softDisabled":false,"foreignInstall":false,"hasBinaryComponents":false,"strictCompatibility":false,"locales":[],"targetApplications":[{"id":"{ec8030f7-c20a-464f-9b0e-13a3a9e97384}","minVersion":"38.0a1","maxVersion":"*"}],"targetPlatforms":[],"multiprocessCompatible":true,"signedState":2,"seen":true,"dependencies":[],"hasEmbeddedWebExtension":false,"mpcOptedOut":false},{"id":"{17c743a8-26cd-48e4-93a3-6a0d1e06529b}","syncGUID":"{d843e04a-92a6-4cae-93dc-20fe6fd782a0}","location":"app-profile","version":"1.1","type":"webextension","internalName":null,"updateKey":null,"optionsURL":null,"optionsType":null,"aboutURL":null,"icons":{"48":"icon.svg"},"iconURL":null,"icon64URL":null,"defaultLocale":{"name":"Perf Marker","description":"Marker for key page events, clicks and scrolling","creator":null,"developers":null,"translators":null,"contributors":null},"visible":true,"active":true,"userDisabled":false,"appDisabled":false,"descriptor":"c:\\Users\\user\\Hasal\\resource\\GeckoProfiler\\extensions\\{17c743a8-26cd-48e4-93a3-6a0d1e06529b}.xpi","installDate":1481783073121,"updateDate":1481783073121,"applyBackgroundUpdates":1,"bootstrap":true,"skinnable":false,"size":24765,"sourceURI":"https://addons.mozilla.org/firefox/downloads/latest/perf-marker/addon-751890-latest.xpi?src=cb-dl-recentlyadded","releaseNotesURI":null,"softDisabled":false,"foreignInstall":false,"hasBinaryComponents":false,"strictCompatibility":true,"locales":[],"targetApplications":[{"id":"toolkit@mozilla.org"}],"targetPlatforms":[],"multiprocessCompatible":true,"signedState":2,"seen":true,"dependencies":[],"hasEmbeddedWebExtension":false}]}