{"schemaVersion":19,"addons":[{"id":"@perf_mark_startend_google_docs","syncGUID":"9EGGkO7piLob","location":"app-profile","version":"0.0.3","type":"extension","internalName":null,"updateURL":null,"updateKey":null,"optionsURL":"data:text/xml,<placeholder/>","optionsType":"2","aboutURL":null,"icons":{},"iconURL":null,"icon64URL":null,"defaultLocale":{"name":"Perf Mark of Add-On Start and End","description":"Using Performance Mark to monitor the Add-On Start and End.","creator":"Askeing","homepageURL":null},"visible":true,"active":true,"userDisabled":false,"appDisabled":false,"descriptor":"/home/hasal/Hasal/resource/GeckoProfiler/extensions/@perf_mark_startend_google_docs.xpi","installDate":1462437647000,"updateDate":1463973966000,"applyBackgroundUpdates":1,"bootstrap":true,"skinnable":false,"size":11363,"sourceURI":"https://addons.mozilla.org/firefox/downloads/latest/697500/addon-697500-latest.xpi?src=dp-btn-primary","releaseNotesURI":null,"softDisabled":false,"foreignInstall":false,"hasBinaryComponents":false,"strictCompatibility":false,"locales":[],"targetApplications":[{"id":"{ec8030f7-c20a-464f-9b0e-13a3a9e97384}","minVersion":"38.0","maxVersion":"*"},{"id":"{aa3c5121-dab2-40e2-81ca-7ea25febc110}","minVersion":"38.0","maxVersion":"50.0"}],"targetPlatforms":[],"multiprocessCompatible":false,"signedState":2,"seen":true,"dependencies":[],"hasEmbeddedWebExtension":false},{"id":"@perf_mark_hotkeys","syncGUID":"cnqxIkcR9i6t","location":"app-profile","version":"0.0.4","type":"extension","internalName":null,"updateURL":null,"updateKey":null,"optionsURL":"data:text/xml,<placeholder/>","optionsType":"2","aboutURL":null,"icons":{},"iconURL":null,"icon64URL":null,"defaultLocale":{"name":"Sending Perf Mark by Hotkeys","description":"Using Hotkeys to send Performance Mark at Runtime.","creator":"Askeing","homepageURL":null},"visible":true,"active":true,"userDisabled":false,"appDisabled":false,"descriptor":"/home/hasal/Hasal/resource/GeckoProfiler/extensions/@perf_mark_hotkeys.xpi","installDate":1462350271000,"updateDate":1463973976000,"applyBackgroundUpdates":1,"bootstrap":true,"skinnable":false,"size":14211,"sourceURI":null,"releaseNotesURI":null,"softDisabled":false,"foreignInstall":false,"hasBinaryComponents":false,"strictCompatibility":false,"locales":[],"targetApplications":[{"id":"{ec8030f7-c20a-464f-9b0e-13a3a9e97384}","minVersion":"38.0","maxVersion":"50.0"},{"id":"{aa3c5121-dab2-40e2-81ca-7ea25febc110}","minVersion":"38.0","maxVersion":"50.0"}],"targetPlatforms":[],"multiprocessCompatible":false,"signedState":2,"seen":true,"dependencies":[],"hasEmbeddedWebExtension":false,"mpcOptedOut":false},{"id":"jid0-edalmuivkozlouyij0lpdx548bc@jetpack","syncGUID":"d17o59-S8STo","location":"app-profile","version":"1.16.25","type":"extension","internalName":null,"updateURL":"https://github.com/bgirard/Gecko-Profiler-Addon/raw/master/src/geckoprofiler.update.rdf","updateKey":null,"optionsURL":null,"optionsType":null,"aboutURL":null,"icons":{"32":"icon.png","48":"icon.png"},"iconURL":null,"icon64URL":null,"defaultLocale":{"name":"geckoprofiler","description":"Provide advanced profiling results integrating both the Javascript and C++ (platform) execution. Focus in on the cause of slow events causing the browser to be unresponsive and share the profiles with others. Ideal for both platform or Web development. For all the profiling features use a Nightly firefox build.","creator":"Benoit Girard <bgirard@mozilla.com>","homepageURL":null},"visible":true,"active":true,"userDisabled":false,"appDisabled":false,"descriptor":"/home/hasal/Hasal/resource/GeckoProfiler/extensions/jid0-edalmuivkozlouyij0lpdx548bc@jetpack.xpi","installDate":1461747576000,"updateDate":1481782898000,"applyBackgroundUpdates":"1","bootstrap":true,"skinnable":false,"size":1880062,"sourceURI":null,"releaseNotesURI":null,"softDisabled":false,"foreignInstall":false,"hasBinaryComponents":false,"strictCompatibility":false,"locales":[],"targetApplications":[{"id":"{ec8030f7-c20a-464f-9b0e-13a3a9e97384}","minVersion":"38.0a1","maxVersion":"*"}],"targetPlatforms":[],"multiprocessCompatible":true,"signedState":2,"seen":true,"dependencies":[],"hasEmbeddedWebExtension":false,"mpcOptedOut":false},{"id":"{17c743a8-26cd-48e4-93a3-6a0d1e06529b}","syncGUID":"{d843e04a-92a6-4cae-93dc-20fe6fd782a0}","location":"app-profile","version":"1.1","type":"webextension","internalName":null,"updateKey":null,"optionsURL":null,"optionsType":null,"aboutURL":null,"icons":{"48":"icon.svg"},"iconURL":null,"icon64URL":null,"defaultLocale":{"name":"Perf Marker","description":"Marker for key page events, clicks and scrolling","creator":null,"developers":null,"translators":null,"contributors":null},"visible":true,"active":true,"userDisabled":false,"appDisabled":false,"descriptor":"/home/hasal/Hasal/resource/GeckoProfiler/extensions/{17c743a8-26cd-48e4-93a3-6a0d1e06529b}.xpi","installDate":1481783073121,"updateDate":1481783074000,"applyBackgroundUpdates":1,"bootstrap":true,"skinnable":false,"size":24765,"sourceURI":null,"releaseNotesURI":null,"softDisabled":false,"foreignInstall":false,"hasBinaryComponents":false,"strictCompatibility":true,"locales":[],"targetApplications":[{"id":"toolkit@mozilla.org"}],"targetPlatforms":[],"multiprocessCompatible":true,"signedState":2,"seen":true,"dependencies":[],"hasEmbeddedWebExtension":false},{"id":"aushelper@mozilla.org","syncGUID":"{236fd402-b1c8-4507-be43-127b21f471c6}","location":"app-system-defaults","version":"1.0","type":"extension","internalName":null,"updateURL":null,"updateKey":null,"optionsURL":null,"optionsType":null,"aboutURL":null,"icons":{},"iconURL":null,"icon64URL":null,"defaultLocale":{"name":"Application Update Service Helper","description":"Sets value(s) in the update url based on custom checks.","creator":null,"homepageURL":null},"visible":true,"active":true,"userDisabled":false,"appDisabled":false,"descriptor":"/home/hasal/Hasal/firefox/firefox/browser/features/aushelper@mozilla.org.xpi","installDate":1481782797996,"updateDate":1484540012000,"applyBackgroundUpdates":1,"bootstrap":true,"skinnable":false,"size":5904,"sourceURI":null,"releaseNotesURI":null,"softDisabled":false,"foreignInstall":false,"hasBinaryComponents":false,"strictCompatibility":false,"locales":[],"targetApplications":[{"id":"{ec8030f7-c20a-464f-9b0e-13a3a9e97384}","minVersion":"53.0a1","maxVersion":"53.0a1"}],"targetPlatforms":[],"multiprocessCompatible":true,"seen":true,"dependencies":[],"hasEmbeddedWebExtension":false,"mpcOptedOut":false},{"id":"e10srollout@mozilla.org","syncGUID":"{95393c2e-8d9f-44ce-80b7-7068e7cc81e7}","location":"app-system-defaults","version":"1.7","type":"extension","internalName":null,"updateURL":null,"updateKey":null,"optionsURL":null,"optionsType":null,"aboutURL":null,"icons":{},"iconURL":null,"icon64URL":null,"defaultLocale":{"name":"Multi-process staged rollout","description":"Staged rollout of Firefox multi-process feature.","creator":null,"homepageURL":null},"visible":true,"active":true,"userDisabled":false,"appDisabled":false,"descriptor":"/home/hasal/Hasal/firefox/firefox/browser/features/e10srollout@mozilla.org.xpi","installDate":1481782797990,"updateDate":1484540015000,"applyBackgroundUpdates":1,"bootstrap":true,"skinnable":false,"size":7004,"sourceURI":null,"releaseNotesURI":null,"softDisabled":false,"foreignInstall":false,"hasBinaryComponents":false,"strictCompatibility":false,"locales":[],"targetApplications":[{"id":"{ec8030f7-c20a-464f-9b0e-13a3a9e97384}","minVersion":"53.0a1","maxVersion":"53.0a1"}],"targetPlatforms":[],"multiprocessCompatible":true,"seen":true,"dependencies":[],"hasEmbeddedWebExtension":false,"mpcOptedOut":false},{"id":"firefox@getpocket.com","syncGUID":"{abce6ae2-9d24-4532-ac55-2108e0c69bfa}","location":"app-system-defaults","version":"1.0.5","type":"extension","internalName":null,"updateURL":null,"updateKey":null,"optionsURL":null,"optionsType":null,"aboutURL":null,"icons":{},"iconURL":null,"icon64URL":null,"defaultLocale":{"name":"Pocket","description":"When you find something you want to view later, put it in Pocket.","creator":null,"homepageURL":null},"visible":true,"active":true,"userDisabled":false,"appDisabled":false,"descriptor":"/home/hasal/Hasal/firefox/firefox/browser/features/firefox@getpocket.com.xpi","installDate":1481782797977,"updateDate":1484540015000,"applyBackgroundUpdates":1,"bootstrap":true,"skinnable":false,"size":913572,"sourceURI":null,"releaseNotesURI":null,"softDisabled":false,"foreignInstall":false,"hasBinaryComponents":false,"strictCompatibility":false,"locales":[],"targetApplications":[{"id":"{ec8030f7-c20a-464f-9b0e-13a3a9e97384}","minVersion":"53.0a1","maxVersion":"53.0a1"}],"targetPlatforms":[],"multiprocessCompatible":true,"seen":true,"dependencies":[],"hasEmbeddedWebExtension":false,"mpcOptedOut":false},{"id":"flyweb@mozilla.org","syncGUID":"{327d5fa5-e038-4fa5-bdd6-e8a36f341155}","location":"app-system-defaults","version":"1.0.0","type":"extension","internalName":null,"updateURL":null,"updateKey":null,"optionsURL":null,"optionsType":null,"aboutURL":null,"icons":{},"iconURL":null,"icon64URL":null,"defaultLocale":{"name":"FlyWeb","description":"Discover nearby services in the browser","creator":null,"homepageURL":null},"visible":true,"active":true,"userDisabled":false,"appDisabled":false,"descriptor":"/home/hasal/Hasal/firefox/firefox/browser/features/flyweb@mozilla.org.xpi","installDate":1481782797865,"updateDate":1484540012000,"applyBackgroundUpdates":1,"bootstrap":true,"skinnable":false,"size":57000,"sourceURI":null,"releaseNotesURI":null,"softDisabled":false,"foreignInstall":false,"hasBinaryComponents":false,"strictCompatibility":false,"locales":[],"targetApplications":[{"id":"{ec8030f7-c20a-464f-9b0e-13a3a9e97384}","minVersion":"53.0a1","maxVersion":"53.0a1"}],"targetPlatforms":[],"multiprocessCompatible":true,"seen":true,"dependencies":[],"hasEmbeddedWebExtension":false,"mpcOptedOut":false},{"id":"formautofill@mozilla.org","syncGUID":"{fff4c1ba-2cdf-4190-85e7-9d5f66a9c895}","location":"app-system-defaults","version":"1.0","type":"extension","internalName":null,"updateURL":null,"updateKey":null,"optionsURL":null,"optionsType":null,"aboutURL":null,"icons":{},"iconURL":null,"icon64URL":null,"defaultLocale":{"name":"Form Autofill","description":"Autofill forms with saved profiles","creator":null,"homepageURL":null},"visible":true,"active":true,"userDisabled":false,"appDisabled":false,"descriptor":"/home/hasal/Hasal/firefox/firefox/browser/features/formautofill@mozilla.org.xpi","installDate":1481782797847,"updateDate":1484540012000,"applyBackgroundUpdates":1,"bootstrap":true,"skinnable":false,"size":27690,"sourceURI":null,"releaseNotesURI":null,"softDisabled":false,"foreignInstall":false,"hasBinaryComponents":false,"strictCompatibility":false,"locales":[],"targetApplications":[{"id":"{ec8030f7-c20a-464f-9b0e-13a3a9e97384}","minVersion":"53.0a1","maxVersion":"53.0a1"}],"targetPlatforms":[],"multiprocessCompatible":true,"seen":true,"dependencies":[],"hasEmbeddedWebExtension":false,"mpcOptedOut":false},{"id":"presentation@mozilla.org","syncGUID":"{2a2f13a0-5842-469d-8898-adfc44880fa1}","location":"app-system-defaults","version":"1.0.0","type":"extension","internalName":null,"updateURL":null,"updateKey":null,"optionsURL":null,"optionsType":null,"aboutURL":null,"icons":{},"iconURL":null,"icon64URL":null,"defaultLocale":{"name":"Presentation","description":"Discover nearby devices in the browser","creator":null,"homepageURL":null},"visible":true,"active":true,"userDisabled":false,"appDisabled":false,"descriptor":"/home/hasal/Hasal/firefox/firefox/browser/features/presentation@mozilla.org.xpi","installDate":1481782797825,"updateDate":1484540012000,"applyBackgroundUpdates":1,"bootstrap":true,"skinnable":false,"size":14374,"sourceURI":null,"releaseNotesURI":null,"softDisabled":false,"foreignInstall":false,"hasBinaryComponents":false,"strictCompatibility":false,"locales":[],"targetApplications":[{"id":"{ec8030f7-c20a-464f-9b0e-13a3a9e97384}","minVersion":"53.0a1","maxVersion":"53.0a1"}],"targetPlatforms":[],"multiprocessCompatible":true,"seen":true,"dependencies":[],"hasEmbeddedWebExtension":false,"mpcOptedOut":false},{"id":"webcompat@mozilla.org","syncGUID":"{593b931e-2124-4868-b934-338887185559}","location":"app-system-defaults","version":"1.0","type":"extension","internalName":null,"updateURL":null,"updateKey":null,"optionsURL":null,"optionsType":null,"aboutURL":null,"icons":{},"iconURL":null,"icon64URL":null,"defaultLocale":{"name":"Web Compat","description":"Urgent post-release fixes for web compatibility.","creator":null,"homepageURL":null},"visible":true,"active":true,"userDisabled":false,"appDisabled":false,"descriptor":"/home/hasal/Hasal/firefox/firefox/browser/features/webcompat@mozilla.org.xpi","installDate":1481782797808,"updateDate":1484540012000,"applyBackgroundUpdates":1,"bootstrap":true,"skinnable":false,"size":1458,"sourceURI":null,"releaseNotesURI":null,"softDisabled":false,"foreignInstall":false,"hasBinaryComponents":false,"strictCompatibility":false,"locales":[],"targetApplications":[{"id":"{ec8030f7-c20a-464f-9b0e-13a3a9e97384}","minVersion":"53.0a1","maxVersion":"53.0a1"}],"targetPlatforms":[],"multiprocessCompatible":true,"seen":true,"dependencies":[],"hasEmbeddedWebExtension":false,"mpcOptedOut":false},{"id":"shield-recipe-client@mozilla.org","syncGUID":"{50fac575-2236-46a2-951a-3378a5450b9b}","location":"app-system-defaults","version":"1.0.0","type":"extension","internalName":null,"updateURL":null,"updateKey":null,"optionsURL":null,"optionsType":null,"aboutURL":null,"icons":{},"iconURL":null,"icon64URL":null,"defaultLocale":{"name":"Shield Recipe Client","description":"Client to download and run recipes for SHIELD, Heartbeat, etc.","creator":null,"homepageURL":null},"visible":true,"active":true,"userDisabled":false,"appDisabled":false,"descriptor":"/home/hasal/Hasal/firefox/firefox/browser/features/shield-recipe-client@mozilla.org.xpi","installDate":1484540015000,"updateDate":1484540015000,"applyBackgroundUpdates":1,"bootstrap":true,"skinnable":false,"size":86429,"sourceURI":null,"releaseNotesURI":null,"softDisabled":false,"foreignInstall":false,"hasBinaryComponents":false,"strictCompatibility":false,"locales":[],"targetApplications":[{"id":"{ec8030f7-c20a-464f-9b0e-13a3a9e97384}","minVersion":"53.0a1","maxVersion":"53.0a1"}],"targetPlatforms":[],"multiprocessCompatible":true,"seen":true,"dependencies":[],"hasEmbeddedWebExtension":false,"mpcOptedOut":false},{"id":"{972ce4c6-7e08-4474-a285-3208198ce6fd}","syncGUID":"SiGQCGIdjTY6","location":"app-global","version":"53.0a1","type":"theme","internalName":"classic/1.0","updateURL":null,"updateKey":null,"optionsURL":null,"optionsType":null,"aboutURL":null,"icons":{},"iconURL":"chrome://browser/content/default-theme-icon.svg","icon64URL":null,"defaultLocale":{"name":"Default","description":"The default theme.","creator":"Mozilla","homepageURL":null,"contributors":["Mozilla Contributors"]},"visible":true,"active":true,"userDisabled":false,"appDisabled":false,"descriptor":"/home/hasal/Hasal/firefox/firefox/browser/extensions/{972ce4c6-7e08-4474-a285-3208198ce6fd}.xpi","installDate":1460588976000,"updateDate":1484540015000,"applyBackgroundUpdates":1,"skinnable":true,"size":2918,"sourceURI":null,"releaseNotesURI":null,"softDisabled":false,"foreignInstall":false,"hasBinaryComponents":false,"strictCompatibility":true,"locales":[],"targetApplications":[{"id":"{ec8030f7-c20a-464f-9b0e-13a3a9e97384}","minVersion":"53.0a1","maxVersion":"53.0a1"}],"targetPlatforms":[],"seen":true,"dependencies":[],"hasEmbeddedWebExtension":false},{"id":"ubufox@ubuntu.com","syncGUID":"{9649252d-18b1-430d-aaf7-16c2c643d542}","location":"app-system-share","version":"3.2","type":"extension","internalName":null,"updateURL":null,"updateKey":null,"optionsURL":null,"optionsType":null,"aboutURL":null,"icons":{},"iconURL":"chrome://ubufox/content/ubuntulogo32.png","icon64URL":null,"defaultLocale":{"name":"Ubuntu Modifications","description":"Ubuntu modifications for Firefox","creator":"Canonical Ltd.","homepageURL":null,"contributors":["Alexander Sack <asac@ubuntu.com>","Sasa Bodiroza <jazzva@gmail.com>","Daniel Abramov <ex@vingrad.ru>","Arzhel Younsi <xionox@gmail.com>","Saïvann Carignan <oxmosys@gmail.com>","Chris Coulson <chris.coulson@canonical.com>"]},"visible":true,"active":false,"userDisabled":true,"appDisabled":false,"descriptor":"/usr/share/mozilla/extensions/{ec8030f7-c20a-464f-9b0e-13a3a9e97384}/ubufox@ubuntu.com.xpi","installDate":1442597111000,"updateDate":1442597111000,"applyBackgroundUpdates":1,"bootstrap":false,"skinnable":false,"size":129860,"sourceURI":null,"releaseNotesURI":null,"softDisabled":false,"foreignInstall":true,"hasBinaryComponents":false,"strictCompatibility":false,"locales":[{"locales":["af"],"name":"Ubuntu Modifications","description":"Ubuntu Firefox Pak","creator":"Canonical Ltd.","homepageURL":null},{"locales":["ar"],"name":"Ubuntu Modifications","description":"حزمة فايرفوكس من أوبونتو.","creator":"Canonical Ltd.","homepageURL":null},{"locales":["bg"],"name":"Ubuntu Modifications","description":"Ubuntu Firefox Pack.","creator":"Canonical Ltd.","homepageURL":null},{"locales":["ca"],"name":"Ubuntu Modifications","description":"Paquet del Firefox de l'Ubuntu.","creator":"Canonical Ltd.","homepageURL":null},{"locales":["cs"],"name":"Ubuntu Modifications","description":"Ubuntu rozšíření pro Firefox.","creator":"Canonical Ltd.","homepageURL":null},{"locales":["de"],"name":"Ubuntu Modifications","description":"Ubuntu Firefox Paket.","creator":"Canonical Ltd.","homepageURL":null},{"locales":["el"],"name":"Ubuntu Modifications","description":"Πακέτο του Ubuntu για το Firefox.","creator":"Canonical Ltd.","homepageURL":null},{"locales":["es"],"name":"Ubuntu Modifications","description":"Paquete de Ubuntu para Firefox.","creator":"Canonical Ltd.","homepageURL":null},{"locales":["eu"],"name":"Ubuntu Modifications","description":"Ubuntu Firefox Pack.","creator":"Canonical Ltd.","homepageURL":null},{"locales":["fi"],"name":"Ubuntu Modifications","description":"Ubuntun Firefox-paketti","creator":"Canonical Ltd.","homepageURL":null},{"locales":["fr"],"name":"Ubuntu Modifications","description":"Paquet Firefox Pour Ubuntu.","creator":"Canonical Ltd.","homepageURL":null},{"locales":["gl"],"name":"Ubuntu Modifications","description":"Paquete de Ubuntu para Firefox.","creator":"Canonical Ltd.","homepageURL":null},{"locales":["hu"],"name":"Ubuntu Modifications","description":"Ubuntu Firefox csomag","creator":"Canonical Ltd.","homepageURL":null},{"locales":["it"],"name":"Ubuntu Modifications","description":"Pacchetto Firefox Ubuntu.","creator":"Canonical Ltd.","homepageURL":null},{"locales":["ja"],"name":"Ubuntu Modifications","description":"Ubuntu Firefoxパック。","creator":"Canonical Ltd.","homepageURL":null},{"locales":["lt"],"name":"Ubuntu Modifications","description":"Ubuntu Firefox paketas","creator":"Canonical Ltd.","homepageURL":null},{"locales":["nl"],"name":"Ubuntu Modifications","description":"Ubuntu Firefox-pakket.","creator":"Canonical Ltd.","homepageURL":null},{"locales":["pl"],"name":"Ubuntu Modifications","description":"Pakiet Ubuntu Firefox.","creator":"Canonical Ltd.","homepageURL":null},{"locales":["pt-BR"],"name":"Ubuntu Modifications","description":"Pacote para o Firefox do Ubuntu","creator":"Canonical Ltd.","homepageURL":null},{"locales":["pt-PT"],"name":"Ubuntu Modifications","description":"Pacote Ubuntu Firefox","creator":"Canonical Ltd.","homepageURL":null},{"locales":["ro"],"name":"Ubuntu Modifications","description":"Pachetul Ubuntu Firefox.","creator":"Canonical Ltd.","homepageURL":null},{"locales":["ru"],"name":"Ubuntu Modifications","description":"Расширения Firefox для Ubuntu","creator":"Canonical Ltd.","homepageURL":null},{"locales":["sl"],"name":"Ubuntu Modifications","description":"Ubuntu razširitve za Firefox.","creator":"Canonical Ltd.","homepageURL":null},{"locales":["sv-SE"],"name":"Ubuntu Modifications","description":"Ubuntu-paket för Firefox.","creator":"Canonical Ltd.","homepageURL":null},{"locales":["uk"],"name":"Ubuntu Modifications","description":"Убунтівські доповнення до Firefox.","creator":"Canonical Ltd.","homepageURL":null},{"locales":["zh-CN"],"name":"Ubuntu Modifications","description":"Ubuntu 火狐扩展包.","creator":"Canonical Ltd.","homepageURL":null},{"locales":["zh-TW"],"name":"Ubuntu Modifications","description":"Ubuntu Firefox 擴充包。","creator":"Canonical Ltd.","homepageURL":null}],"targetApplications":[{"id":"{ec8030f7-c20a-464f-9b0e-13a3a9e97384}","minVersion":"9.0","maxVersion":"37.0a1"}],"targetPlatforms":[],"multiprocessCompatible":false,"signedState":2,"seen":true,"dependencies":[],"hasEmbeddedWebExtension":false,"mpcOptedOut":false}]}