{"chrome://browser/content/browser.xul":{"navigator-toolbox":{"iconsize":"small"},"main-window":{"screenX":"866","screenY":"24","width":"1054","height":"759","sizemode":"normal"},"titlebar-placeholder-on-menubar-for-caption-buttons":{"width":"53"},"titlebar-placeholder-on-TabsToolbar-for-captions-buttons":{"width":"53"},"sidebar-box":{"sidebarcommand":"","width":"","src":""},"sidebar-title":{"value":""}},"chrome://browser/content/sanitize.xul":{"SanitizeDialog":{"screenX":"678","screenY":"459"},"detailsExpander":{"class":"expander-up"},"itemList":{"collapsed":"false"}},"about:config":{"prefCol":{"ordinal":"1","sortDirection":"ascending"},"lockCol":{"ordinal":"3"},"typeCol":{"ordinal":"5"},"valueCol":{"ordinal":"7"}}}