{"chrome://browser/content/browser.xul":{"navigator-toolbox":{"iconsize":"small"},"main-window":{"screenX":"293","screenY":"75","width":"1226","height":"792","sizemode":"normal"},"titlebar-placeholder-on-menubar-for-caption-buttons":{"width":"53"},"titlebar-placeholder-on-TabsToolbar-for-captions-buttons":{"width":"53"},"sidebar-title":{"value":""}},"chrome://browser/content/sanitize.xul":{"SanitizeDialog":{"screenX":"678","screenY":"459"},"detailsExpander":{"class":"expander-up"},"itemList":{"collapsed":"false"}},"about:config":{"prefCol":{"ordinal":"1","sortDirection":"ascending"},"lockCol":{"ordinal":"3"},"typeCol":{"ordinal":"5"},"valueCol":{"ordinal":"7"}}}