{"schema":5,"addons":[{"id":"langpack-en-ZA@firefox.mozilla.org","icons":{"32":"https://addons.cdn.mozilla.net/user-media/addon_icons/6/6180-32.png?modified=1358351591","64":"https://addons.cdn.mozilla.net/user-media/addon_icons/6/6180-64.png?modified=1358351591"},"type":"locale","name":"English (South African) Language Pack","version":"46.0","creator":{"name":"Dwayne Bailey","url":"https://addons.mozilla.org/en-US/firefox/user/dwayne-bailey/?src=api"},"developers":[{"name":"Translate.org.za","url":"https://addons.mozilla.org/en-US/firefox/user/translateorgza/?src=api"},{"name":"Mozilla","url":"https://addons.mozilla.org/en-US/firefox/user/mozilla/?src=api"}],"description":"Adds South African English language support to the Firefox browser. All interfaces will be translated into South African English.","fullDescription":"Translation of the Firefox user interface into South African English by http://translate.org.za.\n\nIf you find missing translations or incorrect translations then visit http://pootle.translate.org.za and please contribute a correction.","developerComments":null,"eula":null,"homepageURL":"http://translate.org.za/content/view/15/31/lang,en/","learnmoreURL":"https://addons.mozilla.org/en-US/firefox/addon/english-south-african-language/?src=api","supportURL":null,"averageRating":2,"reviewCount":3,"reviewURL":"https://addons.mozilla.org/en-US/firefox/addon/english-south-african-language/reviews/?src=api","totalDownloads":97181,"weeklyDownloads":112,"dailyUsers":97181,"sourceURI":"https://addons.mozilla.org/firefox/downloads/file/431016/english_south_african_language_pack-46.0-fx.xpi?src=api","repositoryStatus":4,"size":432274,"updateDate":1461709799000,"isPlatformCompatible":true},{"id":"langpack-en-GB@firefox.mozilla.org","icons":{"32":null,"64":null},"type":"locale","name":"English (GB) Language Pack","version":"46.0","creator":{"name":"Mozilla","url":"https://addons.mozilla.org/en-US/firefox/user/mozilla/?src=api"},"description":null,"fullDescription":null,"developerComments":null,"eula":null,"homepageURL":"https://addons.mozilla.org/en-US/firefox/addon/english-gb-language-pack/?src=api","learnmoreURL":"https://addons.mozilla.org/en-US/firefox/addon/english-gb-language-pack/?src=api","supportURL":null,"averageRating":3,"reviewCount":17,"reviewURL":"https://addons.mozilla.org/en-US/firefox/addon/english-gb-language-pack/reviews/?src=api","totalDownloads":672616,"weeklyDownloads":3017,"dailyUsers":672616,"sourceURI":"https://addons.mozilla.org/firefox/downloads/file/431014/english_gb_language_pack-46.0-fx.xpi?src=api","repositoryStatus":4,"size":442897,"updateDate":1461709798000,"isPlatformCompatible":true},{"id":"@perf_mark_hotkeys","icons":{"32":"https://addons.cdn.mozilla.net/static/img/addon-icons/alerts-32.png","64":"https://addons.cdn.mozilla.net/static/img/addon-icons/alerts-64.png"},"type":"extension","name":"Sending Perf Mark by Hotkeys","version":"0.0.1","creator":{"name":"askeing","url":"https://addons.mozilla.org/en-US/firefox/user/askeing/?src=api"},"description":"Using Hotkeys to send Performance Mark at Runtime.","fullDescription":"Using Hotkeys to send Performance Mark at Runtime.\nThe Profiler can show the performance mark on profiling results.\nYou can setup the mark's message on Add-On preferences page.\n\nHotkeys:\nCtrl+Shift+3, Ctrl+Shift+4, Ctrl+Shift+5, ..., Ctrl+Shift+0","developerComments":null,"eula":null,"screenshots":[{"url":"https://addons.cdn.mozilla.net/user-media/previews/full/173/173738.png?src=api&modified=1462265480","width":"700","height":"505","thumbnailURL":"https://addons.cdn.mozilla.net/user-media/previews/thumbs/173/173738.png?src=api&modified=1462265480","thumbnailWidth":"200","thumbnailHeight":"144","caption":"Setup the messages of Mark."},{"url":"https://addons.cdn.mozilla.net/user-media/previews/full/173/173739.png?src=api&modified=1462265480","width":"700","height":"505","thumbnailURL":"https://addons.cdn.mozilla.net/user-media/previews/thumbs/173/173739.png?src=api&modified=1462265480","thumbnailWidth":"200","thumbnailHeight":"144","caption":"The Perf Mark will be displayed on profiling result."}],"homepageURL":"https://addons.mozilla.org/en-US/firefox/addon/sending-perf-mark-by-hotkeys/?src=api","learnmoreURL":"https://addons.mozilla.org/en-US/firefox/addon/sending-perf-mark-by-hotkeys/?src=api","supportURL":null,"averageRating":0,"reviewCount":0,"reviewURL":"https://addons.mozilla.org/en-US/firefox/addon/sending-perf-mark-by-hotkeys/reviews/?src=api","totalDownloads":0,"weeklyDownloads":0,"dailyUsers":0,"sourceURI":"https://addons.mozilla.org/firefox/downloads/file/433647/sending_perf_mark_by_hotkeys-0.0.1-fx+an.xpi?src=api","repositoryStatus":8,"size":6619,"updateDate":1462340732000,"isPlatformCompatible":true},{"id":"@perf_mark_startend_google_docs","icons":{"32":"https://addons.cdn.mozilla.net/static/img/addon-icons/alerts-32.png","64":"https://addons.cdn.mozilla.net/static/img/addon-icons/alerts-64.png"},"name":"Perf Mark of Add-On Start and End for Google Docs","type":"extension","version":"0.0.1","repositoryStatus":4,"creator":{"name":"askeing","url":"https://addons.mozilla.org/en-US/firefox/user/askeing/?src=api"},"description":"Using Performance Mark to monitor the Add-On Start and End for Google Docs.","fullDescription":"Using Performance Mark to monitor the Add-On Start and End for Google Docs.\nThe Profiler can show the performance mark on profiling results at pageMod start and end.\n\nReference: https://developer.mozilla.org/en-US/Add-ons/SDK/High-Level_APIs/page-mod","isPlatformCompatible":true,"eula":null,"averageRating":0,"learnmoreURL":"https://addons.mozilla.org/en-US/firefox/addon/perfmark-startend-google-docs/?src=api","homepageURL":"https://github.com/askeing/firefox_perf_mark","sourceURI":"https://addons.mozilla.org/firefox/downloads/file/425008/perf_mark_of_add_on_start_and_end_for_google_docs-0.0.1-fx+an.xpi?src=api","size":6481,"developerComments":null,"reviewURL":"https://addons.mozilla.org/en-US/firefox/addon/perfmark-startend-google-docs/reviews/?src=api","reviewCount":0,"totalDownloads":65,"weeklyDownloads":17,"dailyUsers":4,"updateDate":1462176819000,"supportURL":null}]}