{"directory": [{"bgColor": "", "directoryId": 7921, "enhancedImageURI": "https://tiles-cloudfront.cdn.mozilla.net/images/ef8c1bab9b54c37fddbd8eeb15faf733571fc9f9.64436.png", "imageURI": "https://tiles-cloudfront.cdn.mozilla.net/images/a15c0403863847aef5943a6272cd992335f330f9.59611.png", "title": "Get Firefox for Android", "type": "affiliate", "url": "http://mzl.la/1Dls1DC"}, {"bgColor": "", "directoryId": 1950, "enhancedImageURI": "https://tiles-cloudfront.cdn.mozilla.net/images/d971cbafa0309a201e518acdac4f1ee4dabc7eaa.15109.png", "imageURI": "https://tiles-cloudfront.cdn.mozilla.net/images/b4adc58dd3c02da355104977b910255060cfd6d8.10350.png", "title": "Firefox Sync", "type": "affiliate", "url": "http://mozilla-europe.org/firefox/sync"}, {"bgColor": "#3fb58e", "directoryId": 1949, "enhancedImageURI": "https://tiles-cloudfront.cdn.mozilla.net/images/720121e7462d8c7863b4dd8fa7b5c1089b5f5fb2.33862.png", "imageURI": "https://tiles-cloudfront.cdn.mozilla.net/images/583de2b339502a7726bc05736a43b18e9c891350.2193.svg", "title": "Mozilla Webmaker", "type": "affiliate", "url": "https://webmaker.org/?utm_source=directory-tiles&utm_medium=firefox-browser"}, {"bgColor": "#fff", "directoryId": 1948, "imageURI": "https://tiles-cloudfront.cdn.mozilla.net/images/8acf9436e1b315f5f04b9435a518bcd1aef131f8.5663.png", "title": "Mozilla Developer Network", "type": "affiliate", "url": "https://developer.mozilla.org/en-US/?utm_source=mozilla&utm_medium=firefox-tile&utm_campaign=default"}, {"bgColor": "", "directoryId": 1947, "enhancedImageURI": "https://tiles-cloudfront.cdn.mozilla.net/images/40e5630405d5031ca73393bd7bc0064156f2cc82.10984.png", "imageURI": "https://tiles-cloudfront.cdn.mozilla.net/images/490d42d1f9a76c07739626d1b8a569169aec8fbe.11039.png", "title": "Customize Firefox", "type": "affiliate", "url": "http://fastestfirefox.com/firefox/desktop/customize/"}, {"bgColor": "", "directoryId": 1946, "enhancedImageURI": "https://tiles-cloudfront.cdn.mozilla.net/images/cc63774b7a9aae02fe36bc5caf90c1e25e66a2bc.13791.png", "imageURI": "https://tiles-cloudfront.cdn.mozilla.net/images/e822cd4628c5162313f49f5d4556f8aafdf38750.11513.png", "title": "Mozilla Manifesto", "type": "affiliate", "url": "https://www.mozilla.org/about/manifesto/"}, {"bgColor": "", "directoryId": 1944, "enhancedImageURI": "https://tiles-cloudfront.cdn.mozilla.net/images/d11ba0b3095bb19d8092cd29be9cbb9e197671ea.28088.png", "imageURI": "https://tiles-cloudfront.cdn.mozilla.net/images/1332a68badf11e3f7f69bf7364e79c0a7e2753bc.5316.png", "title": "Mozilla Community", "type": "affiliate", "url": "http://contribute.mozilla.org/"}], "suggested": []}