{"schemaVersion":18,"addons":[{"id":"jid0-edalmuivkozlouyij0lpdx548bc@jetpack","syncGUID":"d17o59-S8STo","location":"app-profile","version":"1.16.16","type":"extension","internalName":null,"updateURL":"https://github.com/bgirard/Gecko-Profiler-Addon/raw/master/src/geckoprofiler.update.rdf","updateKey":null,"optionsURL":null,"optionsType":null,"aboutURL":null,"icons":{"32":"icon.png","48":"icon.png"},"iconURL":null,"icon64URL":null,"defaultLocale":{"name":"geckoprofiler","description":"Provide advanced profiling results integrating both the Javascript and C++ (platform) execution. Focus in on the cause of slow events causing the browser to be unresponsive and share the profiles with others. Ideal for both platform or Web development. For all the profiling features use a Nightly firefox build.","creator":"Benoit Girard <bgirard@mozilla.com>","homepageURL":null},"visible":true,"active":true,"userDisabled":false,"appDisabled":false,"descriptor":"c:\\Users\\user\\Hasal\\resource\\GeckoProfilerAutoSaveHAR\\extensions\\jid0-edalmuivkozlouyij0lpdx548bc@jetpack.xpi","installDate":1461747576000,"updateDate":1461747576000,"applyBackgroundUpdates":"1","bootstrap":true,"skinnable":false,"size":1678927,"sourceURI":"file:///home/hasal/Hasal/thirdParty/geckoprofiler-signed.xpi","releaseNotesURI":null,"softDisabled":false,"foreignInstall":false,"hasBinaryComponents":false,"strictCompatibility":false,"locales":[],"targetApplications":[{"id":"{ec8030f7-c20a-464f-9b0e-13a3a9e97384}","minVersion":"38.0a1","maxVersion":"43.0"}],"targetPlatforms":[],"multiprocessCompatible":false,"signedState":1,"seen":true,"dependencies":[],"hasEmbeddedWebExtension":false},{"id":"@perf_mark_startend_google_docs","syncGUID":"U0icQ3TZVIz0","location":"app-profile","version":"0.0.3","type":"extension","internalName":null,"updateURL":null,"updateKey":null,"optionsURL":"data:text/xml,<placeholder/>","optionsType":"2","aboutURL":null,"icons":{},"iconURL":null,"icon64URL":null,"defaultLocale":{"name":"Perf Mark of Add-On Start and End","description":"Using Performance Mark to monitor the Add-On Start and End.","creator":"Askeing","homepageURL":null},"visible":true,"active":true,"userDisabled":false,"appDisabled":false,"descriptor":"c:\\Users\\user\\Hasal\\resource\\GeckoProfilerAutoSaveHAR\\extensions\\@perf_mark_startend_google_docs.xpi","installDate":1462438094000,"updateDate":1463973748000,"applyBackgroundUpdates":1,"bootstrap":true,"skinnable":false,"size":11363,"sourceURI":"https://addons.mozilla.org/firefox/downloads/latest/697500/addon-697500-latest.xpi?src=dp-btn-primary","releaseNotesURI":null,"softDisabled":false,"foreignInstall":false,"hasBinaryComponents":false,"strictCompatibility":false,"locales":[],"targetApplications":[{"id":"{ec8030f7-c20a-464f-9b0e-13a3a9e97384}","minVersion":"38.0","maxVersion":"50.0"},{"id":"{aa3c5121-dab2-40e2-81ca-7ea25febc110}","minVersion":"38.0","maxVersion":"50.0"}],"targetPlatforms":[],"multiprocessCompatible":false,"signedState":2,"seen":true,"dependencies":[],"hasEmbeddedWebExtension":false},{"id":"@perf_mark_hotkeys","syncGUID":"0NOQ_iLzIrTY","location":"app-profile","version":"0.0.4","type":"extension","internalName":null,"updateURL":null,"updateKey":null,"optionsURL":"data:text/xml,<placeholder/>","optionsType":"2","aboutURL":null,"icons":{},"iconURL":null,"icon64URL":null,"defaultLocale":{"name":"Sending Perf Mark by Hotkeys","description":"Using Hotkeys to send Performance Mark at Runtime.","creator":"Askeing","homepageURL":null},"visible":true,"active":true,"userDisabled":false,"appDisabled":false,"descriptor":"c:\\Users\\user\\Hasal\\resource\\GeckoProfilerAutoSaveHAR\\extensions\\@perf_mark_hotkeys.xpi","installDate":1462350075000,"updateDate":1463973762000,"applyBackgroundUpdates":1,"bootstrap":true,"skinnable":false,"size":14211,"sourceURI":"https://addons.mozilla.org/firefox/downloads/latest/700586/addon-700586-latest.xpi?src=dp-dl-othersby","releaseNotesURI":null,"softDisabled":false,"foreignInstall":false,"hasBinaryComponents":false,"strictCompatibility":false,"locales":[],"targetApplications":[{"id":"{ec8030f7-c20a-464f-9b0e-13a3a9e97384}","minVersion":"38.0","maxVersion":"50.0"},{"id":"{aa3c5121-dab2-40e2-81ca-7ea25febc110}","minVersion":"38.0","maxVersion":"50.0"}],"targetPlatforms":[],"multiprocessCompatible":false,"signedState":2,"seen":true,"dependencies":[],"hasEmbeddedWebExtension":false},{"id":"aushelper@mozilla.org","syncGUID":"{5f49f560-aeb7-4db7-9aa0-7892b0c84a8a}","location":"app-system-defaults","version":"1.0","type":"extension","internalName":null,"updateURL":null,"updateKey":null,"optionsURL":null,"optionsType":null,"aboutURL":null,"icons":{},"iconURL":null,"icon64URL":null,"defaultLocale":{"name":"Application Update Service Helper","description":"Sets value(s) in the update url based on custom checks.","creator":null,"homepageURL":null},"visible":true,"active":true,"userDisabled":false,"appDisabled":false,"descriptor":"C:\\Program Files (x86)\\Nightly\\browser\\features\\aushelper@mozilla.org.xpi","installDate":1479438899471,"updateDate":1479438899471,"applyBackgroundUpdates":1,"bootstrap":true,"skinnable":false,"size":5977,"sourceURI":null,"releaseNotesURI":null,"softDisabled":false,"foreignInstall":false,"hasBinaryComponents":false,"strictCompatibility":false,"locales":[],"targetApplications":[{"id":"{ec8030f7-c20a-464f-9b0e-13a3a9e97384}","minVersion":"53.0a1","maxVersion":"53.0a1"}],"targetPlatforms":[],"multiprocessCompatible":true,"seen":true,"dependencies":[],"hasEmbeddedWebExtension":false},{"id":"e10srollout@mozilla.org","syncGUID":"{6e1ad937-ea79-410a-af3b-d359648c6ca6}","location":"app-system-defaults","version":"1.6","type":"extension","internalName":null,"updateURL":null,"updateKey":null,"optionsURL":null,"optionsType":null,"aboutURL":null,"icons":{},"iconURL":null,"icon64URL":null,"defaultLocale":{"name":"Multi-process staged rollout","description":"Staged rollout of Firefox multi-process feature.","creator":null,"homepageURL":null},"visible":true,"active":true,"userDisabled":false,"appDisabled":false,"descriptor":"C:\\Program Files (x86)\\Nightly\\browser\\features\\e10srollout@mozilla.org.xpi","installDate":1479438899461,"updateDate":1479438899461,"applyBackgroundUpdates":1,"bootstrap":true,"skinnable":false,"size":7043,"sourceURI":null,"releaseNotesURI":null,"softDisabled":false,"foreignInstall":false,"hasBinaryComponents":false,"strictCompatibility":false,"locales":[],"targetApplications":[{"id":"{ec8030f7-c20a-464f-9b0e-13a3a9e97384}","minVersion":"53.0a1","maxVersion":"53.0a1"}],"targetPlatforms":[],"multiprocessCompatible":true,"seen":true,"dependencies":[],"hasEmbeddedWebExtension":false},{"id":"firefox@getpocket.com","syncGUID":"{cdbe2c5d-87fa-4e32-b500-bf0ff2d302d4}","location":"app-system-defaults","version":"1.0.5","type":"extension","internalName":null,"updateURL":null,"updateKey":null,"optionsURL":null,"optionsType":null,"aboutURL":null,"icons":{},"iconURL":null,"icon64URL":null,"defaultLocale":{"name":"Pocket","description":"When you find something you want to view later, put it in Pocket.","creator":null,"homepageURL":null},"visible":true,"active":true,"userDisabled":false,"appDisabled":false,"descriptor":"C:\\Program Files (x86)\\Nightly\\browser\\features\\firefox@getpocket.com.xpi","installDate":1479438899445,"updateDate":1479438899445,"applyBackgroundUpdates":1,"bootstrap":true,"skinnable":false,"size":919802,"sourceURI":null,"releaseNotesURI":null,"softDisabled":false,"foreignInstall":false,"hasBinaryComponents":false,"strictCompatibility":false,"locales":[],"targetApplications":[{"id":"{ec8030f7-c20a-464f-9b0e-13a3a9e97384}","minVersion":"53.0a1","maxVersion":"53.0a1"}],"targetPlatforms":[],"multiprocessCompatible":true,"seen":true,"dependencies":[],"hasEmbeddedWebExtension":false},{"id":"flyweb@mozilla.org","syncGUID":"{1d118a2e-3416-4b9a-b6f0-3947ee79c7e5}","location":"app-system-defaults","version":"1.0.0","type":"extension","internalName":null,"updateURL":null,"updateKey":null,"optionsURL":null,"optionsType":null,"aboutURL":null,"icons":{},"iconURL":null,"icon64URL":null,"defaultLocale":{"name":"FlyWeb","description":"Discover nearby services in the browser","creator":null,"homepageURL":null},"visible":true,"active":true,"userDisabled":false,"appDisabled":false,"descriptor":"C:\\Program Files (x86)\\Nightly\\browser\\features\\flyweb@mozilla.org.xpi","installDate":1479438899328,"updateDate":1479438899328,"applyBackgroundUpdates":1,"bootstrap":true,"skinnable":false,"size":57013,"sourceURI":null,"releaseNotesURI":null,"softDisabled":false,"foreignInstall":false,"hasBinaryComponents":false,"strictCompatibility":false,"locales":[],"targetApplications":[{"id":"{ec8030f7-c20a-464f-9b0e-13a3a9e97384}","minVersion":"53.0a1","maxVersion":"53.0a1"}],"targetPlatforms":[],"multiprocessCompatible":true,"seen":true,"dependencies":[],"hasEmbeddedWebExtension":false},{"id":"formautofill@mozilla.org","syncGUID":"{64f6ee76-1d26-4c8b-a448-e32df29d8085}","location":"app-system-defaults","version":"1.0","type":"extension","internalName":null,"updateURL":null,"updateKey":null,"optionsURL":null,"optionsType":null,"aboutURL":null,"icons":{},"iconURL":null,"icon64URL":null,"defaultLocale":{"name":"Form Autofill","description":"Autofill forms with saved profiles","creator":null,"homepageURL":null},"visible":true,"active":true,"userDisabled":false,"appDisabled":false,"descriptor":"C:\\Program Files (x86)\\Nightly\\browser\\features\\formautofill@mozilla.org.xpi","installDate":1479438899315,"updateDate":1479438899315,"applyBackgroundUpdates":1,"bootstrap":true,"skinnable":false,"size":17792,"sourceURI":null,"releaseNotesURI":null,"softDisabled":false,"foreignInstall":false,"hasBinaryComponents":false,"strictCompatibility":false,"locales":[],"targetApplications":[{"id":"{ec8030f7-c20a-464f-9b0e-13a3a9e97384}","minVersion":"53.0a1","maxVersion":"53.0a1"}],"targetPlatforms":[],"multiprocessCompatible":true,"seen":true,"dependencies":[],"hasEmbeddedWebExtension":false},{"id":"webcompat@mozilla.org","syncGUID":"{a3b4f238-0a5f-48f2-adf6-e772268ebbdd}","location":"app-system-defaults","version":"1.0","type":"extension","internalName":null,"updateURL":null,"updateKey":null,"optionsURL":null,"optionsType":null,"aboutURL":null,"icons":{},"iconURL":null,"icon64URL":null,"defaultLocale":{"name":"Web Compat","description":"Urgent post-release fixes for web compatibility.","creator":null,"homepageURL":null},"visible":true,"active":true,"userDisabled":false,"appDisabled":false,"descriptor":"C:\\Program Files (x86)\\Nightly\\browser\\features\\webcompat@mozilla.org.xpi","installDate":1479438899299,"updateDate":1479438899299,"applyBackgroundUpdates":1,"bootstrap":true,"skinnable":false,"size":1458,"sourceURI":null,"releaseNotesURI":null,"softDisabled":false,"foreignInstall":false,"hasBinaryComponents":false,"strictCompatibility":false,"locales":[],"targetApplications":[{"id":"{ec8030f7-c20a-464f-9b0e-13a3a9e97384}","minVersion":"53.0a1","maxVersion":"53.0a1"}],"targetPlatforms":[],"multiprocessCompatible":true,"seen":true,"dependencies":[],"hasEmbeddedWebExtension":false},{"id":"{972ce4c6-7e08-4474-a285-3208198ce6fd}","syncGUID":"SiGQCGIdjTY6","location":"app-global","version":"53.0a1","type":"theme","internalName":"classic/1.0","updateURL":null,"updateKey":null,"optionsURL":null,"optionsType":null,"aboutURL":null,"icons":{"32":"icon.png","48":"icon.png"},"iconURL":null,"icon64URL":null,"defaultLocale":{"name":"Default","description":"The default theme.","creator":"Mozilla","homepageURL":null,"contributors":["Mozilla Contributors"]},"visible":true,"active":true,"userDisabled":false,"appDisabled":false,"descriptor":"C:\\Program Files (x86)\\Nightly\\browser\\extensions\\{972ce4c6-7e08-4474-a285-3208198ce6fd}.xpi","installDate":1460588976000,"updateDate":1479438899476,"applyBackgroundUpdates":1,"skinnable":true,"size":19587,"sourceURI":null,"releaseNotesURI":null,"softDisabled":false,"foreignInstall":false,"hasBinaryComponents":false,"strictCompatibility":true,"locales":[],"targetApplications":[{"id":"{ec8030f7-c20a-464f-9b0e-13a3a9e97384}","minVersion":"53.0a1","maxVersion":"53.0a1"}],"targetPlatforms":[],"seen":true,"dependencies":[],"hasEmbeddedWebExtension":false},{"id":"harexporttrigger@getfirebug.com","syncGUID":"{0196ba30-7d49-4a5c-8d05-ef8c114fb29b}","location":"app-profile","version":"0.5.0-beta.10","type":"extension","internalName":null,"updateURL":null,"updateKey":null,"optionsURL":"data:text/xml,<placeholder/>","optionsType":"2","aboutURL":null,"icons":{},"iconURL":"chrome://harexporttrigger/skin/icon-16.png","icon64URL":null,"defaultLocale":{"name":"HAR Export Trigger","description":"Trigger HAR export any time directly from within a page","creator":"Firebug Working Group","homepageURL":"https://github.com/firebug/har-export-trigger/wiki","contributors":["Jan Odvarko (Mozilla Corp.)"]},"visible":true,"active":true,"userDisabled":false,"appDisabled":false,"descriptor":"c:\\Users\\user\\Hasal\\resource\\GeckoProfilerAutoSaveHAR\\extensions\\harexporttrigger@getfirebug.com.xpi","installDate":1479451804196,"updateDate":1479451804196,"applyBackgroundUpdates":1,"bootstrap":true,"skinnable":false,"size":732540,"sourceURI":"https://addons.mozilla.org/firefox/downloads/file/449485/har_export_trigger-0.5.0-beta.10-fx.xpi?src=version-history","releaseNotesURI":null,"softDisabled":false,"foreignInstall":false,"hasBinaryComponents":false,"strictCompatibility":false,"locales":[],"targetApplications":[{"id":"{ec8030f7-c20a-464f-9b0e-13a3a9e97384}","minVersion":"42.0a1","maxVersion":"43.0"}],"targetPlatforms":[],"multiprocessCompatible":false,"signedState":1,"seen":true,"dependencies":[],"hasEmbeddedWebExtension":false}]}