{"schemaVersion":17,"addons":[{"id":"jid0-edalmuivkozlouyij0lpdx548bc@jetpack","syncGUID":"d17o59-S8STo","location":"app-profile","version":"1.16.16","type":"extension","internalName":null,"updateURL":"https://github.com/bgirard/Gecko-Profiler-Addon/raw/master/src/geckoprofiler.update.rdf","updateKey":null,"optionsURL":null,"optionsType":null,"aboutURL":null,"icons":{"32":"icon.png","48":"icon.png"},"iconURL":null,"icon64URL":null,"defaultLocale":{"name":"geckoprofiler","description":"Provide advanced profiling results integrating both the Javascript and C++ (platform) execution. Focus in on the cause of slow events causing the browser to be unresponsive and share the profiles with others. Ideal for both platform or Web development. For all the profiling features use a Nightly firefox build.","creator":"Benoit Girard <bgirard@mozilla.com>","homepageURL":null},"visible":true,"active":true,"userDisabled":false,"appDisabled":false,"descriptor":"/home/shako/PycharmProjects/Hasal/resource/GeckoProfilerAutoSaveHAR/extensions/jid0-edalmuivkozlouyij0lpdx548bc@jetpack.xpi","installDate":1461747576000,"updateDate":1461747576000,"applyBackgroundUpdates":"1","bootstrap":true,"skinnable":false,"size":1678927,"sourceURI":"file:///home/hasal/Hasal/thirdParty/geckoprofiler-signed.xpi","releaseNotesURI":null,"softDisabled":false,"foreignInstall":false,"hasBinaryComponents":false,"strictCompatibility":false,"locales":[],"targetApplications":[{"id":"{ec8030f7-c20a-464f-9b0e-13a3a9e97384}","minVersion":"38.0a1","maxVersion":"43.0"}],"targetPlatforms":[],"multiprocessCompatible":false,"signedState":1},{"id":"{972ce4c6-7e08-4474-a285-3208198ce6fd}","syncGUID":"SiGQCGIdjTY6","location":"app-global","version":"44.0","type":"theme","internalName":"classic/1.0","updateURL":null,"updateKey":null,"optionsURL":null,"optionsType":null,"aboutURL":null,"icons":{"32":"icon.png","48":"icon.png"},"iconURL":null,"icon64URL":null,"defaultLocale":{"name":"Default","description":"The default theme.","creator":"Mozilla","homepageURL":null,"contributors":["Mozilla Contributors"]},"visible":true,"active":true,"userDisabled":false,"appDisabled":false,"descriptor":"/usr/lib/firefox/browser/extensions/{972ce4c6-7e08-4474-a285-3208198ce6fd}","installDate":1460588976000,"updateDate":1454294016000,"applyBackgroundUpdates":1,"skinnable":true,"size":5022,"sourceURI":null,"releaseNotesURI":null,"softDisabled":false,"foreignInstall":false,"hasBinaryComponents":false,"strictCompatibility":true,"locales":[],"targetApplications":[{"id":"{ec8030f7-c20a-464f-9b0e-13a3a9e97384}","minVersion":"44.0","maxVersion":"44.0"}],"targetPlatforms":[]},{"id":"langpack-en-GB@firefox.mozilla.org","syncGUID":"kFMRg9_avHp1","location":"app-global","version":"44.0","type":"locale","internalName":null,"updateURL":null,"updateKey":null,"optionsURL":null,"optionsType":null,"aboutURL":null,"icons":{},"iconURL":null,"icon64URL":null,"defaultLocale":{"name":"English (GB) Language Pack","description":null,"creator":"Mark Tyndall","homepageURL":null,"contributors":["David Bartlett","Constantine Murenin","Ian Neal"]},"visible":true,"active":true,"userDisabled":false,"appDisabled":false,"descriptor":"/usr/lib/firefox/browser/extensions/langpack-en-GB@firefox.mozilla.org.xpi","installDate":1460589295000,"updateDate":1453732680000,"applyBackgroundUpdates":1,"bootstrap":true,"size":1171092,"sourceURI":null,"releaseNotesURI":null,"softDisabled":false,"foreignInstall":true,"hasBinaryComponents":false,"strictCompatibility":true,"locales":[],"targetApplications":[{"id":"{ec8030f7-c20a-464f-9b0e-13a3a9e97384}","minVersion":"44.0","maxVersion":"44.*"},{"id":"webapprt@mozilla.org","minVersion":"44.0","maxVersion":"44.*"}],"targetPlatforms":[]},{"id":"langpack-en-ZA@firefox.mozilla.org","syncGUID":"g4GlD_mmccmO","location":"app-global","version":"44.0","type":"locale","internalName":null,"updateURL":null,"updateKey":null,"optionsURL":null,"optionsType":null,"aboutURL":null,"icons":{},"iconURL":null,"icon64URL":null,"defaultLocale":{"name":"English (South Africa) Language Pack","description":null,"creator":"Translate.org.za","homepageURL":null,"contributors":["Translate.org.za","Dwayne Bailey"]},"visible":true,"active":true,"userDisabled":false,"appDisabled":false,"descriptor":"/usr/lib/firefox/browser/extensions/langpack-en-ZA@firefox.mozilla.org.xpi","installDate":1460589295000,"updateDate":1453732680000,"applyBackgroundUpdates":1,"bootstrap":true,"size":1211450,"sourceURI":null,"releaseNotesURI":null,"softDisabled":false,"foreignInstall":true,"hasBinaryComponents":false,"strictCompatibility":true,"locales":[],"targetApplications":[{"id":"{ec8030f7-c20a-464f-9b0e-13a3a9e97384}","minVersion":"44.0","maxVersion":"44.*"},{"id":"webapprt@mozilla.org","minVersion":"44.0","maxVersion":"44.*"}],"targetPlatforms":[]},{"id":"ubufox@ubuntu.com","syncGUID":"K9ngNYyrtl8g","location":"app-system-share","version":"3.2","type":"extension","internalName":null,"updateURL":null,"updateKey":null,"optionsURL":null,"optionsType":null,"aboutURL":null,"icons":{},"iconURL":"chrome://ubufox/content/ubuntulogo32.png","icon64URL":null,"defaultLocale":{"name":"Ubuntu Modifications","description":"Ubuntu modifications for Firefox","creator":"Canonical Ltd.","homepageURL":null,"contributors":["Alexander Sack <asac@ubuntu.com>","Sasa Bodiroza <jazzva@gmail.com>","Daniel Abramov <ex@vingrad.ru>","Arzhel Younsi <xionox@gmail.com>","Saïvann Carignan <oxmosys@gmail.com>","Chris Coulson <chris.coulson@canonical.com>"]},"visible":true,"active":true,"userDisabled":false,"appDisabled":false,"descriptor":"/usr/share/mozilla/extensions/{ec8030f7-c20a-464f-9b0e-13a3a9e97384}/ubufox@ubuntu.com.xpi","installDate":1442597111000,"updateDate":1442597112000,"applyBackgroundUpdates":1,"bootstrap":false,"size":129860,"sourceURI":null,"releaseNotesURI":null,"softDisabled":false,"foreignInstall":true,"hasBinaryComponents":false,"strictCompatibility":false,"locales":[{"locales":["af"],"name":"Ubuntu Modifications","description":"Ubuntu Firefox Pak","creator":"Canonical Ltd.","homepageURL":null},{"locales":["ar"],"name":"Ubuntu Modifications","description":"حزمة فايرفوكس من أوبونتو.","creator":"Canonical Ltd.","homepageURL":null},{"locales":["bg"],"name":"Ubuntu Modifications","description":"Ubuntu Firefox Pack.","creator":"Canonical Ltd.","homepageURL":null},{"locales":["ca"],"name":"Ubuntu Modifications","description":"Paquet del Firefox de l'Ubuntu.","creator":"Canonical Ltd.","homepageURL":null},{"locales":["cs"],"name":"Ubuntu Modifications","description":"Ubuntu rozšíření pro Firefox.","creator":"Canonical Ltd.","homepageURL":null},{"locales":["de"],"name":"Ubuntu Modifications","description":"Ubuntu Firefox Paket.","creator":"Canonical Ltd.","homepageURL":null},{"locales":["el"],"name":"Ubuntu Modifications","description":"Πακέτο του Ubuntu για το Firefox.","creator":"Canonical Ltd.","homepageURL":null},{"locales":["es"],"name":"Ubuntu Modifications","description":"Paquete de Ubuntu para Firefox.","creator":"Canonical Ltd.","homepageURL":null},{"locales":["eu"],"name":"Ubuntu Modifications","description":"Ubuntu Firefox Pack.","creator":"Canonical Ltd.","homepageURL":null},{"locales":["fi"],"name":"Ubuntu Modifications","description":"Ubuntun Firefox-paketti","creator":"Canonical Ltd.","homepageURL":null},{"locales":["fr"],"name":"Ubuntu Modifications","description":"Paquet Firefox Pour Ubuntu.","creator":"Canonical Ltd.","homepageURL":null},{"locales":["gl"],"name":"Ubuntu Modifications","description":"Paquete de Ubuntu para Firefox.","creator":"Canonical Ltd.","homepageURL":null},{"locales":["hu"],"name":"Ubuntu Modifications","description":"Ubuntu Firefox csomag","creator":"Canonical Ltd.","homepageURL":null},{"locales":["it"],"name":"Ubuntu Modifications","description":"Pacchetto Firefox Ubuntu.","creator":"Canonical Ltd.","homepageURL":null},{"locales":["ja"],"name":"Ubuntu Modifications","description":"Ubuntu Firefoxパック。","creator":"Canonical Ltd.","homepageURL":null},{"locales":["lt"],"name":"Ubuntu Modifications","description":"Ubuntu Firefox paketas","creator":"Canonical Ltd.","homepageURL":null},{"locales":["nl"],"name":"Ubuntu Modifications","description":"Ubuntu Firefox-pakket.","creator":"Canonical Ltd.","homepageURL":null},{"locales":["pl"],"name":"Ubuntu Modifications","description":"Pakiet Ubuntu Firefox.","creator":"Canonical Ltd.","homepageURL":null},{"locales":["pt-BR"],"name":"Ubuntu Modifications","description":"Pacote para o Firefox do Ubuntu","creator":"Canonical Ltd.","homepageURL":null},{"locales":["pt-PT"],"name":"Ubuntu Modifications","description":"Pacote Ubuntu Firefox","creator":"Canonical Ltd.","homepageURL":null},{"locales":["ro"],"name":"Ubuntu Modifications","description":"Pachetul Ubuntu Firefox.","creator":"Canonical Ltd.","homepageURL":null},{"locales":["ru"],"name":"Ubuntu Modifications","description":"Расширения Firefox для Ubuntu","creator":"Canonical Ltd.","homepageURL":null},{"locales":["sl"],"name":"Ubuntu Modifications","description":"Ubuntu razširitve za Firefox.","creator":"Canonical Ltd.","homepageURL":null},{"locales":["sv-SE"],"name":"Ubuntu Modifications","description":"Ubuntu-paket för Firefox.","creator":"Canonical Ltd.","homepageURL":null},{"locales":["uk"],"name":"Ubuntu Modifications","description":"Убунтівські доповнення до Firefox.","creator":"Canonical Ltd.","homepageURL":null},{"locales":["zh-CN"],"name":"Ubuntu Modifications","description":"Ubuntu 火狐扩展包.","creator":"Canonical Ltd.","homepageURL":null},{"locales":["zh-TW"],"name":"Ubuntu Modifications","description":"Ubuntu Firefox 擴充包。","creator":"Canonical Ltd.","homepageURL":null}],"targetApplications":[{"id":"{ec8030f7-c20a-464f-9b0e-13a3a9e97384}","minVersion":"9.0","maxVersion":"37.0a1"}],"targetPlatforms":[],"multiprocessCompatible":false,"signedState":2},{"id":"@perf_mark_hotkeys","syncGUID":"0NOQ_iLzIrTY","location":"app-profile","version":"0.0.2","type":"extension","internalName":null,"updateURL":null,"updateKey":null,"optionsURL":"data:text/xml,<placeholder/>","optionsType":"2","aboutURL":null,"icons":{},"iconURL":null,"icon64URL":null,"defaultLocale":{"name":"Sending Perf Mark by Hotkeys","description":"Using Hotkeys to send Performance Mark at Runtime.","creator":"Askeing","homepageURL":null},"visible":true,"active":true,"userDisabled":false,"appDisabled":false,"descriptor":"/home/shako/PycharmProjects/Hasal/resource/GeckoProfilerAutoSaveHAR/extensions/@perf_mark_hotkeys.xpi","installDate":1462350075000,"updateDate":1462438083000,"applyBackgroundUpdates":1,"bootstrap":true,"size":10731,"sourceURI":"https://addons.mozilla.org/firefox/downloads/latest/700586/addon-700586-latest.xpi?src=api","releaseNotesURI":null,"softDisabled":false,"foreignInstall":false,"hasBinaryComponents":false,"strictCompatibility":false,"locales":[],"targetApplications":[{"id":"{ec8030f7-c20a-464f-9b0e-13a3a9e97384}","minVersion":"38.0","maxVersion":"49.0"},{"id":"{aa3c5121-dab2-40e2-81ca-7ea25febc110}","minVersion":"38.0","maxVersion":"49.0"}],"targetPlatforms":[],"multiprocessCompatible":false,"signedState":2},{"id":"@perf_mark_startend_google_docs","syncGUID":"U0icQ3TZVIz0","location":"app-profile","version":"0.0.1","type":"extension","internalName":null,"updateURL":null,"updateKey":null,"optionsURL":null,"optionsType":null,"aboutURL":null,"icons":{},"iconURL":null,"icon64URL":null,"defaultLocale":{"name":"Perf Mark of Add-On Start and End for Google Docs","description":"Using Performance Mark to monitor the Add-On Start and End for Google Docs.","creator":"Askeing","homepageURL":null},"visible":true,"active":true,"userDisabled":false,"appDisabled":false,"descriptor":"/home/shako/PycharmProjects/Hasal/resource/GeckoProfilerAutoSaveHAR/extensions/@perf_mark_startend_google_docs.xpi","installDate":1462438094000,"updateDate":1462438094000,"applyBackgroundUpdates":1,"bootstrap":true,"size":8195,"sourceURI":"https://addons.mozilla.org/firefox/downloads/latest/697500/addon-697500-latest.xpi?src=dp-hc-othersby","releaseNotesURI":null,"softDisabled":false,"foreignInstall":false,"hasBinaryComponents":false,"strictCompatibility":false,"locales":[],"targetApplications":[{"id":"{ec8030f7-c20a-464f-9b0e-13a3a9e97384}","minVersion":"38.0","maxVersion":"49.0"},{"id":"{aa3c5121-dab2-40e2-81ca-7ea25febc110}","minVersion":"38.0","maxVersion":"49.0"}],"targetPlatforms":[],"multiprocessCompatible":false,"signedState":2}]}