{"chrome://browser/content/browser.xul":{"navigator-toolbox":{"iconsize":"small"},"main-window":{"screenX":"101","screenY":"61","width":"1076","height":"788","sizemode":"normal"},"titlebar-placeholder-on-menubar-for-caption-buttons":{"width":"53"},"titlebar-placeholder-on-TabsToolbar-for-captions-buttons":{"width":"53"},"sidebar-title":{"value":""}},"about:config":{"prefCol":{"ordinal":"1","sortDirection":"ascending"},"lockCol":{"ordinal":"3"},"typeCol":{"ordinal":"5"},"valueCol":{"ordinal":"7"}}}